Repositorio,created_at,updated_at,language,merged_pull_requests,releases,open_issues,closed_issues,closed_issues_percent
freeCodeCamp/freeCodeCamp,2014-12-24T17:49:19Z,2025-08-20T23:24:30Z,TypeScript,25465,0,193,19633,99.03
codecrafters-io/build-your-own-x,2018-05-09T12:03:18Z,2025-08-20T23:24:05Z,Markdown,138,0,227,595,72.38
sindresorhus/awesome,2014-07-11T13:42:37Z,2025-08-20T23:29:26Z,,674,0,13,340,96.32
EbookFoundation/free-programming-books,2013-10-11T06:50:37Z,2025-08-20T23:27:30Z,Python,6635,0,31,1150,97.38
public-apis/public-apis,2016-03-20T23:49:42Z,2025-08-20T23:24:16Z,Python,1842,0,8,704,98.88
kamranahmedse/developer-roadmap,2017-03-15T13:45:52Z,2025-08-20T22:56:55Z,TypeScript,3682,1,248,2693,91.57
jwasham/coding-interview-university,2016-06-06T02:34:12Z,2025-08-20T23:24:19Z,,411,0,63,453,87.79
donnemartin/system-design-primer,2017-02-26T16:15:28Z,2025-08-20T22:51:37Z,Python,199,0,248,91,26.84
996icu/996.ICU,2019-03-26T07:31:14Z,2025-08-20T18:27:21Z,,1036,0,0,0,0.0
vinta/awesome-python,2014-06-27T21:00:06Z,2025-08-20T23:30:13Z,Python,538,0,0,0,0.0
awesome-selfhosted/awesome-selfhosted,2015-06-01T02:33:17Z,2025-08-20T23:12:02Z,,0,1,0,0,0.0
practical-tutorials/project-based-learning,2017-04-12T05:07:46Z,2025-08-20T22:50:34Z,,0,0,0,0,0.0
facebook/react,2013-05-24T16:15:54Z,2025-08-20T23:07:39Z,JavaScript,0,30,0,0,0.0
vuejs/vue,2013-07-29T03:24:51Z,2025-08-20T15:06:09Z,TypeScript,0,30,0,0,0.0
TheAlgorithms/Python,2016-07-16T09:44:01Z,2025-08-20T22:55:45Z,Python,0,0,0,0,0.0
torvalds/linux,2011-09-04T22:48:12Z,2025-08-20T23:28:22Z,C,0,0,0,0,0.0
trekhleb/javascript-algorithms,2018-03-24T07:47:04Z,2025-08-20T22:11:24Z,JavaScript,0,0,0,0,0.0
tensorflow/tensorflow,2015-11-07T01:19:20Z,2025-08-20T22:50:20Z,C++,0,30,0,0,0.0
ossu/computer-science,2014-05-04T00:18:39Z,2025-08-20T23:06:02Z,HTML,0,0,0,0,0.0
trimstray/the-book-of-secret-knowledge,2018-06-23T10:43:14Z,2025-08-20T23:04:43Z,,0,0,0,0,0.0
getify/You-Dont-Know-JS,2013-11-16T02:37:24Z,2025-08-20T21:24:23Z,,0,0,0,0,0.0
CyC2018/CS-Notes,2018-02-13T14:56:24Z,2025-08-20T22:41:28Z,,373,0,123,448,78.46
ohmyzsh/ohmyzsh,2009-08-28T18:15:37Z,2025-08-20T22:40:56Z,Shell,3351,0,140,4824,97.18
Significant-Gravitas/AutoGPT,2023-03-16T09:21:07Z,2025-08-20T22:58:40Z,Python,3194,30,161,3230,95.25
microsoft/vscode,2015-09-03T20:23:38Z,2025-08-20T22:37:23Z,TypeScript,36174,30,12063,193177,94.12
twbs/bootstrap,2011-07-29T21:19:00Z,2025-08-20T23:03:28Z,MDX,8956,30,405,22344,98.22
flutter/flutter,2015-03-06T22:54:58Z,2025-08-20T22:24:31Z,Dart,43808,7,11904,96872,89.06
jackfrued/Python-100-Days,2018-03-01T16:05:52Z,2025-08-20T19:49:44Z,Jupyter Notebook,13,0,573,118,17.08
github/gitignore,2010-11-08T20:17:14Z,2025-08-20T23:23:04Z,,1700,0,0,0,0.0
jlevy/the-art-of-command-line,2015-05-20T15:11:03Z,2025-08-20T18:37:22Z,,316,0,122,136,52.71
AUTOMATIC1111/stable-diffusion-webui,2022-08-22T14:05:26Z,2025-08-20T23:15:43Z,Python,1866,27,2363,5467,69.82
Snailclimb/JavaGuide,2018-05-07T13:27:00Z,2025-08-20T18:30:10Z,Java,0,0,0,0,0.0
ollama/ollama,2023-06-26T19:39:32Z,2025-08-20T23:01:46Z,Go,0,30,0,0,0.0
avelino/awesome-go,2014-07-06T13:42:15Z,2025-08-20T23:26:42Z,Go,0,0,0,0,0.0
huggingface/transformers,2018-10-29T13:56:00Z,2025-08-20T22:20:00Z,Python,0,30,0,0,0.0
airbnb/javascript,2012-11-01T23:13:50Z,2025-08-20T23:30:16Z,JavaScript,0,0,0,0,0.0
massgravel/Microsoft-Activation-Scripts,2020-01-12T23:03:34Z,2025-08-20T23:16:22Z,Batchfile,0,24,0,0,0.0
ytdl-org/youtube-dl,2010-10-31T14:35:07Z,2025-08-20T21:47:42Z,Python,0,30,0,0,0.0
vercel/next.js,2016-10-05T23:32:51Z,2025-08-20T23:24:36Z,JavaScript,0,30,2321,21046,90.07
f/awesome-chatgpt-prompts,2022-12-05T13:54:13Z,2025-08-20T23:08:18Z,JavaScript,167,0,0,0,0.0
n8n-io/n8n,2019-06-22T09:24:21Z,2025-08-20T23:06:32Z,TypeScript,10605,30,627,4529,87.84
golang/go,2014-08-19T04:33:40Z,2025-08-20T22:00:46Z,Go,1,0,9174,58755,86.49
labuladong/fucking-algorithm,2020-02-19T09:01:23Z,2025-08-20T19:59:27Z,Markdown,238,1,2,916,99.78
yangshun/tech-interview-handbook,2016-07-05T05:00:48Z,2025-08-20T23:23:56Z,TypeScript,479,0,41,74,64.35
Genymobile/scrcpy,2017-11-21T18:00:27Z,2025-08-20T22:55:55Z,C,113,30,2448,3167,56.4
521xueweihan/HelloGitHub,2016-05-04T06:24:11Z,2025-08-20T22:56:42Z,Python,16,30,214,2626,92.46
Chalarangelo/30-seconds-of-code,2017-11-29T17:35:03Z,2025-08-20T23:28:35Z,JavaScript,823,12,0,300,100.0
facebook/react-native,2015-01-09T18:10:16Z,2025-08-20T23:24:56Z,C++,928,30,657,26541,97.58
yt-dlp/yt-dlp,2020-10-26T04:22:55Z,2025-08-20T23:28:09Z,Python,2898,30,0,0,0.0
microsoft/PowerToys,2019-05-01T17:44:02Z,2025-08-20T22:54:06Z,C#,0,30,0,0,0.0
electron/electron,2013-04-12T01:47:36Z,2025-08-20T23:21:21Z,C++,0,30,0,0,0.0
kubernetes/kubernetes,2014-06-06T22:56:04Z,2025-08-20T22:39:20Z,Go,0,30,0,0,0.0
krahets/hello-algo,2022-11-04T11:08:34Z,2025-08-20T20:42:28Z,Java,0,9,0,0,0.0
justjavac/free-programming-books-zh_CN,2013-11-04T01:59:19Z,2025-08-20T23:17:51Z,,0,3,0,0,0.0
langchain-ai/langchain,2022-10-17T02:58:36Z,2025-08-20T23:10:25Z,Jupyter Notebook,0,30,0,0,0.0
nodejs/node,2014-11-26T19:57:11Z,2025-08-20T20:38:38Z,JavaScript,0,30,0,0,0.0
langgenius/dify,2023-04-12T07:40:24Z,2025-08-20T22:56:38Z,TypeScript,0,30,0,0,0.0
d3/d3,2010-09-27T17:22:42Z,2025-08-20T19:40:30Z,Shell,0,30,0,0,0.0
ripienaar/free-for-dev,2015-03-18T21:06:26Z,2025-08-20T23:27:10Z,HTML,0,0,0,0,0.0
mrdoob/three.js,2010-03-23T18:58:01Z,2025-08-20T23:24:10Z,JavaScript,14366,30,449,12719,96.59
axios/axios,2014-08-18T22:30:27Z,2025-08-20T20:18:48Z,JavaScript,997,30,273,4571,94.36
open-webui/open-webui,2023-10-06T22:08:27Z,2025-08-20T23:29:48Z,JavaScript,2499,30,196,5954,96.81
rust-lang/rust,2010-06-16T20:39:03Z,2025-08-20T23:20:29Z,Rust,65373,30,10641,48578,82.03
excalidraw/excalidraw,2020-01-02T01:04:43Z,2025-08-20T23:16:05Z,TypeScript,3694,14,1839,2401,56.63
microsoft/TypeScript,2014-06-17T15:28:39Z,2025-08-20T23:01:52Z,TypeScript,14667,30,5591,36855,86.83
goldbergyoni/nodebestpractices,2017-09-15T08:33:19Z,2025-08-20T21:22:21Z,Dockerfile,764,0,43,285,86.89
denoland/deno,2018-05-15T01:34:26Z,2025-08-20T21:35:50Z,Rust,13317,30,2271,10904,82.76
facebook/create-react-app,2016-07-17T14:55:11Z,2025-08-20T20:47:09Z,JavaScript,1949,30,1834,6567,78.17
langflow-ai/langflow,2023-02-08T22:28:03Z,2025-08-20T23:29:06Z,Python,4613,30,431,2258,83.97
GrowingGit/GitHub-Chinese-Top-Charts,2019-09-05T03:01:56Z,2025-08-20T17:28:27Z,Java,0,0,0,0,0.0
godotengine/godot,2014-01-04T16:05:36Z,2025-08-20T22:56:56Z,C++,0,30,0,0,0.0
microsoft/terminal,2017-08-11T18:38:22Z,2025-08-20T23:00:53Z,C++,0,30,0,0,0.0
deepseek-ai/DeepSeek-V3,2024-12-26T09:52:40Z,2025-08-20T23:16:06Z,Python,0,1,0,0,0.0
angular/angular,2014-09-18T16:12:01Z,2025-08-20T23:27:51Z,TypeScript,0,30,0,0,0.0
fatedier/frp,2015-12-21T15:24:59Z,2025-08-20T20:15:27Z,Go,0,30,0,0,0.0
papers-we-love/papers-we-love,2013-12-15T14:31:41Z,2025-08-20T22:36:13Z,Shell,0,0,0,0,0.0
Hack-with-Github/Awesome-Hacking,2016-03-30T15:47:10Z,2025-08-20T23:05:04Z,,0,0,0,0,0.0
mui/material-ui,2014-08-18T19:11:54Z,2025-08-20T23:06:42Z,TypeScript,0,30,1619,18550,91.97
iptv-org/iptv,2018-11-14T22:00:57Z,2025-08-20T23:15:12Z,TypeScript,6470,0,489,14329,96.7
rustdesk/rustdesk,2020-09-28T15:36:08Z,2025-08-20T23:26:36Z,Rust,3631,30,57,3537,98.41
tauri-apps/tauri,2019-07-13T09:09:37Z,2025-08-20T22:52:24Z,Rust,5164,30,1125,4643,80.5
ant-design/ant-design,2015-04-24T15:37:24Z,2025-08-20T19:34:56Z,TypeScript,15750,30,1229,30391,96.11
microsoft/generative-ai-for-beginners,2023-06-19T16:28:59Z,2025-08-20T23:29:28Z,Jupyter Notebook,387,0,11,165,93.75
nvbn/thefuck,2015-04-08T15:08:04Z,2025-08-20T20:26:58Z,Python,478,17,288,472,62.11
ryanmcdermott/clean-code-javascript,2016-11-25T22:25:41Z,2025-08-20T23:30:17Z,JavaScript,149,0,72,163,69.36
shadcn-ui/ui,2023-01-04T12:43:27Z,2025-08-20T22:42:01Z,TypeScript,636,30,967,2377,71.08
Anduin2017/HowToCook,2020-02-29T10:43:49Z,2025-08-20T22:17:06Z,Dockerfile,583,4,435,346,44.3
pytorch/pytorch,2016-08-13T05:26:41Z,2025-08-20T22:53:05Z,Python,6191,30,0,0,0.0
iluwatar/java-design-patterns,2014-08-09T16:45:18Z,2025-08-20T22:40:47Z,Java,0,0,0,0,0.0
neovim/neovim,2014-01-31T13:39:22Z,2025-08-20T22:52:53Z,Vim Script,0,30,0,0,0.0
puppeteer/puppeteer,2017-05-09T22:16:13Z,2025-08-20T23:23:27Z,TypeScript,0,30,0,0,0.0
microsoft/Web-Dev-For-Beginners,2020-11-10T02:44:00Z,2025-08-20T21:58:48Z,JavaScript,0,0,0,0,0.0
deepseek-ai/DeepSeek-R1,2025-01-20T11:57:28Z,2025-08-20T22:16:39Z,,0,1,0,0,0.0
PanJiaChen/vue-element-admin,2017-04-17T03:35:49Z,2025-08-20T19:03:14Z,Vue,0,30,0,0,0.0
tailwindlabs/tailwindcss,2017-10-06T14:59:14Z,2025-08-20T20:21:46Z,TypeScript,0,30,0,0,0.0
fastapi/fastapi,2018-12-08T08:21:47Z,2025-08-20T21:53:48Z,Python,0,30,49,3417,98.59
mtdvio/every-programmer-should-know,2017-08-24T13:18:26Z,2025-08-20T20:38:08Z,,98,0,29,23,44.23
storybookjs/storybook,2016-03-18T04:23:44Z,2025-08-20T23:25:52Z,TypeScript,11473,30,2078,11613,84.82
supabase/supabase,2019-10-12T05:56:49Z,2025-08-20T23:05:57Z,TypeScript,12924,22,235,4420,94.95
jaywcjlove/awesome-mac,2016-07-17T15:33:47Z,2025-08-20T22:56:48Z,JavaScript,987,12,113,367,76.46
openai/whisper,2022-09-16T20:02:54Z,2025-08-20T23:02:26Z,Python,119,13,0,0,0.0
nvm-sh/nvm,2010-04-15T17:47:47Z,2025-08-20T19:40:29Z,Shell,727,30,316,1998,86.34
comfyanonymous/ComfyUI,2023-01-17T03:15:56Z,2025-08-20T23:10:16Z,Python,1192,30,2513,3663,59.31
ChatGPTNextWeb/NextChat,2023-03-10T18:27:54Z,2025-08-20T23:22:27Z,TypeScript,888,30,660,2885,81.38
2dust/v2rayN,2019-07-30T03:47:24Z,2025-08-20T22:40:27Z,C#,267,30,7,6012,99.88
ggml-org/llama.cpp,2023-03-10T18:58:00Z,2025-08-20T23:15:37Z,C++,5490,30,0,0,0.0
bitcoin/bitcoin,2010-12-19T15:16:43Z,2025-08-20T23:13:14Z,C++,0,30,0,0,0.0
florinpop17/app-ideas,2019-02-25T18:36:56Z,2025-08-20T14:44:14Z,,0,0,0,0,0.0
django/django,2012-04-28T02:47:18Z,2025-08-20T21:19:42Z,Python,0,0,0,0,0.0
sveltejs/svelte,2016-11-20T18:13:05Z,2025-08-20T21:23:15Z,JavaScript,0,30,0,0,0.0
gin-gonic/gin,2014-06-16T23:57:25Z,2025-08-20T22:24:19Z,Go,0,27,0,0,0.0
opencv/opencv,2012-07-19T09:40:17Z,2025-08-20T21:41:29Z,C++,0,30,0,0,0.0
gohugoio/hugo,2013-07-04T15:26:26Z,2025-08-20T23:19:27Z,Go,0,30,0,0,0.0
mermaid-js/mermaid,2014-11-01T23:52:32Z,2025-08-20T22:16:33Z,TypeScript,0,30,0,0,0.0
gothinkster/realworld,2016-02-26T20:49:53Z,2025-08-20T17:40:55Z,TypeScript,0,0,39,503,92.8
animate-css/animate.css,2011-10-12T10:07:38Z,2025-08-20T15:29:01Z,CSS,314,22,39,841,95.57
laravel/laravel,2011-06-08T03:06:08Z,2025-08-20T22:55:27Z,Blade,1607,30,0,0,0.0
macrozheng/mall,2018-04-04T01:11:44Z,2025-08-20T14:46:20Z,Java,1,3,10,487,97.99
home-assistant/core,2013-09-17T07:29:48Z,2025-08-20T21:09:06Z,Python,75697,30,2376,60076,96.2
DigitalPlatDev/FreeDomain,2024-05-30T13:23:00Z,2025-08-20T23:21:15Z,HTML,0,0,0,0,0.0
tonsky/FiraCode,2014-11-11T19:32:38Z,2025-08-20T19:39:24Z,Clojure,136,29,410,954,69.94
oven-sh/bun,2021-04-14T00:48:17Z,2025-08-20T23:16:16Z,Zig,5964,30,4776,8301,63.48
3b1b/manim,2015-03-22T18:50:58Z,2025-08-20T23:20:19Z,Python,636,13,451,761,62.79
spring-projects/spring-boot,2012-10-19T15:02:57Z,2025-08-20T23:07:09Z,Java,42,30,555,38721,98.59
doocs/advanced-java,2018-10-06T11:38:30Z,2025-08-20T21:35:23Z,Java,84,1,0,0,0.0
bregman-arie/devops-exercises,2019-10-03T17:31:21Z,2025-08-20T22:50:43Z,Python,0,0,0,0,0.0
x1xhlol/system-prompts-and-models-of-ai-tools,2025-03-05T16:38:29Z,2025-08-20T23:29:02Z,,0,0,0,54,100.0
tensorflow/models,2016-02-05T01:15:20Z,2025-08-20T22:03:32Z,Python,2338,30,1076,6235,85.28
MunGell/awesome-for-beginners,2015-10-24T19:53:36Z,2025-08-20T23:05:16Z,,449,0,11,174,94.05
microsoft/ML-For-Beginners,2021-03-03T01:34:05Z,2025-08-20T20:47:44Z,HTML,374,0,7,141,95.27
DopplerHQ/awesome-interview-questions,2015-11-28T09:48:17Z,2025-08-20T23:00:37Z,,175,0,27,34,55.74
nomic-ai/gpt4all,2023-03-27T18:49:32Z,2025-08-20T19:34:02Z,C++,934,30,698,1487,68.05
MisterBooo/LeetCodeAnimation,2018-12-06T08:01:22Z,2025-08-20T22:26:11Z,Java,62,0,20,42,67.74
microsoft/playwright,2019-11-15T18:32:42Z,2025-08-20T23:01:57Z,TypeScript,15060,30,831,15471,94.9
netdata/netdata,2013-06-17T18:39:10Z,2025-08-20T23:00:15Z,C,10918,30,167,7946,97.94
FortAwesome/Font-Awesome,2012-02-17T14:19:43Z,2025-08-20T20:48:41Z,JavaScript,210,30,3752,15999,81.0
fighting41love/funNLP,2018-08-21T11:20:39Z,2025-08-20T15:56:58Z,Python,14,0,34,0,0.0
ByteByteGoHq/system-design-101,2023-09-18T20:52:03Z,2025-08-20T22:20:17Z,,0,0,0,0,0.0
syncthing/syncthing,2013-11-26T09:48:21Z,2025-08-20T23:22:26Z,Go,0,30,0,0,0.0
anuraghazra/github-readme-stats,2020-07-09T10:34:22Z,2025-08-20T22:48:48Z,JavaScript,0,0,0,0,0.0
vitejs/vite,2020-04-21T05:03:57Z,2025-08-20T23:18:41Z,TypeScript,0,30,0,0,0.0
typicode/json-server,2013-11-27T13:21:13Z,2025-08-20T18:51:02Z,JavaScript,0,30,0,0,0.0
unionlabs/union,2023-05-16T22:33:39Z,2025-08-20T23:14:31Z,Rust,0,30,0,0,0.0
ruanyf/weekly,2018-10-13T12:36:07Z,2025-08-20T22:54:15Z,,0,0,0,0,0.0
immich-app/immich,2022-02-03T15:56:27Z,2025-08-20T23:29:17Z,TypeScript,7134,30,574,5700,90.85
elastic/elasticsearch,2010-02-08T13:20:56Z,2025-08-20T23:11:40Z,Java,80478,30,4337,36267,89.32
hoppscotch/hoppscotch,2019-08-21T13:15:24Z,2025-08-20T20:49:47Z,TypeScript,1866,30,489,1555,76.08
louislam/uptime-kuma,2021-07-03T01:02:42Z,2025-08-20T22:02:40Z,JavaScript,1315,30,713,3451,82.88
coder/code-server,2019-02-27T16:50:41Z,2025-08-20T21:18:07Z,TypeScript,1576,30,134,3569,96.38
vuejs/awesome-vue,2015-10-20T00:16:14Z,2025-08-20T22:53:47Z,,3557,0,38,190,83.33
junegunn/fzf,2013-10-23T16:04:23Z,2025-08-20T23:30:22Z,Go,594,30,235,2779,92.2
sdmg15/Best-websites-a-programmer-should-visit,2017-03-05T20:25:17Z,2025-08-20T22:34:20Z,,419,0,71,103,59.2
hacksider/Deep-Live-Cam,2023-09-24T13:19:31Z,2025-08-20T21:46:26Z,Python,85,8,69,917,93.0
nestjs/nest,2017-02-04T20:12:52Z,2025-08-20T23:00:36Z,TypeScript,7406,30,29,5644,99.49
microsoft/markitdown,2024-11-13T19:56:40Z,2025-08-20T22:59:08Z,Python,0,14,0,0,0.0
d2l-ai/d2l-zh,2017-08-23T04:40:24Z,2025-08-20T16:59:06Z,Python,0,16,0,0,0.0
CompVis/stable-diffusion,2022-08-10T14:36:44Z,2025-08-20T20:05:44Z,Jupyter Notebook,0,0,0,0,0.0
clash-verge-rev/clash-verge-rev,2023-11-21T18:24:03Z,2025-08-20T23:00:34Z,TypeScript,0,30,0,0,0.0
abi/screenshot-to-code,2023-11-14T17:53:32Z,2025-08-20T18:48:03Z,Python,0,0,0,0,0.0
google-gemini/gemini-cli,2025-04-17T17:04:31Z,2025-08-20T23:29:50Z,TypeScript,0,30,0,0,0.0
thedaviddias/Front-End-Checklist,2017-10-16T10:12:36Z,2025-08-20T23:02:39Z,,0,1,1,147,99.32
redis/redis,2009-03-21T22:32:25Z,2025-08-20T23:00:17Z,C,4155,30,2152,4628,68.26
moby/moby,2013-01-18T18:10:57Z,2025-08-20T23:25:24Z,Go,21373,30,3196,19927,86.18
pallets/flask,2010-04-06T11:11:59Z,2025-08-20T21:12:40Z,Python,1604,30,1,2690,99.96
ventoy/Ventoy,2020-03-10T15:19:19Z,2025-08-20T22:20:43Z,C,269,30,859,1670,66.03
Developer-Y/cs-video-courses,2016-10-21T17:02:11Z,2025-08-20T22:02:44Z,,234,0,0,0,0.0
grafana/grafana,2013-12-11T15:59:56Z,2025-08-20T21:12:37Z,TypeScript,56710,30,3476,37470,91.51
enaqx/awesome-react,2014-08-06T05:31:44Z,2025-08-20T19:33:18Z,,777,0,4,109,96.46
hakimel/reveal.js,2011-06-07T18:54:22Z,2025-08-20T18:43:01Z,JavaScript,406,30,773,1690,68.62
josephmisiti/awesome-machine-learning,2014-07-15T19:11:19Z,2025-08-20T22:10:29Z,Python,866,0,0,93,100.0
swisskyrepo/PayloadsAllTheThings,2016-10-18T07:29:07Z,2025-08-20T23:23:02Z,Python,541,5,0,0,0.0
strapi/strapi,2015-09-30T15:34:48Z,2025-08-20T22:42:51Z,TypeScript,0,30,0,0,0.0
binary-husky/gpt_academic,2023-03-20T09:05:13Z,2025-08-20T18:40:14Z,Python,0,30,0,0,0.0
swiftlang/swift,2015-10-23T21:15:07Z,2025-08-20T21:27:03Z,C++,0,30,0,0,0.0
tesseract-ocr/tesseract,2014-08-12T18:04:59Z,2025-08-20T23:04:11Z,C++,0,30,0,0,0.0
protocolbuffers/protobuf,2014-08-26T15:52:15Z,2025-08-20T20:56:03Z,C++,0,30,0,0,0.0
python/cpython,2017-02-10T19:23:51Z,2025-08-20T22:41:34Z,Python,0,0,0,0,0.0
base/node,2023-02-01T13:55:02Z,2025-08-20T20:47:12Z,Go,0,30,0,0,0.0
browser-use/browser-use,2024-10-31T16:00:56Z,2025-08-20T23:24:17Z,Python,0,30,0,0,0.0
sherlock-project/sherlock,2018-12-24T14:30:48Z,2025-08-20T20:48:48Z,Python,0,1,0,0,0.0
ocornut/imgui,2014-07-21T14:29:47Z,2025-08-20T22:33:52Z,C++,398,30,1010,5524,84.54
apache/superset,2015-07-21T18:55:34Z,2025-08-20T23:17:49Z,TypeScript,14821,30,464,11163,96.01
expressjs/express,2009-06-26T18:56:01Z,2025-08-20T21:21:11Z,JavaScript,459,30,105,3885,97.37
openai/openai-cookbook,2022-03-11T02:08:53Z,2025-08-20T22:59:15Z,Jupyter Notebook,862,0,41,557,93.14
Alvin9999/new-pac,2016-03-23T08:43:36Z,2025-08-20T23:25:30Z,Python,0,0,436,1333,75.35
punkpeye/awesome-mcp-servers,2024-11-30T04:49:10Z,2025-08-20T23:29:09Z,,920,0,28,74,72.55
PKUFlyingPig/cs-self-learning,2021-10-20T13:43:42Z,2025-08-20T22:22:52Z,HTML,295,5,109,104,48.83
chartjs/Chart.js,2013-03-17T23:56:36Z,2025-08-20T23:23:26Z,JavaScript,3002,30,461,6804,93.65
rasbt/LLMs-from-scratch,2023-07-23T18:15:57Z,2025-08-20T23:26:18Z,Jupyter Notebook,388,0,4,168,97.67
obsproject/obs-studio,2013-10-01T02:40:31Z,2025-08-20T23:13:55Z,C,5208,30,674,3931,85.36
caddyserver/caddy,2015-01-13T19:45:03Z,2025-08-20T23:27:54Z,Go,0,30,0,0,0.0
localsend/localsend,2022-12-16T00:46:07Z,2025-08-20T21:53:05Z,Dart,0,24,0,0,0.0
ansible/ansible,2012-03-06T14:58:02Z,2025-08-20T21:21:21Z,Python,0,30,0,0,0.0
fffaraz/awesome-cpp,2014-07-17T08:51:11Z,2025-08-20T22:55:42Z,,0,0,0,0,0.0
Eugeny/tabby,2016-12-23T09:06:10Z,2025-08-20T21:47:51Z,TypeScript,0,30,0,0,0.0
leonardomso/33-js-concepts,2018-09-04T13:27:04Z,2025-08-20T18:04:05Z,JavaScript,0,0,0,0,0.0
webpack/webpack,2012-03-10T10:08:14Z,2025-08-20T22:15:22Z,JavaScript,0,30,0,0,0.0
astral-sh/uv,2023-10-02T20:24:11Z,2025-08-20T23:30:36Z,Rust,0,30,0,0,0.0
nektos/act,2019-01-02T19:53:43Z,2025-08-20T22:16:11Z,Go,0,30,220,1061,82.83
modelcontextprotocol/servers,2024-11-19T01:10:17Z,2025-08-20T23:18:29Z,TypeScript,868,19,176,457,72.2
danielmiessler/SecLists,2012-02-19T01:30:18Z,2025-08-20T21:26:38Z,PHP,679,28,7,291,97.65
AppFlowy-IO/AppFlowy,2021-06-16T12:56:48Z,2025-08-20T23:28:43Z,Dart,3886,30,975,2644,73.06
xtekky/gpt4free,2023-03-29T17:00:43Z,2025-08-20T22:59:20Z,Python,813,30,7,1853,99.62
lydiahallie/javascript-questions,2019-06-12T08:26:27Z,2025-08-20T18:28:55Z,,327,0,17,233,93.2
lobehub/lobe-chat,2023-05-21T07:19:12Z,2025-08-20T23:25:29Z,TypeScript,2504,30,888,3438,79.47
binhnguyennus/awesome-scalability,2017-12-27T03:46:40Z,2025-08-20T22:30:25Z,,36,0,0,0,0.0
Stirling-Tools/Stirling-PDF,2023-01-27T18:22:42Z,2025-08-20T19:46:32Z,Java,2213,30,316,1077,77.32
apache/echarts,2013-04-03T03:18:59Z,2025-08-20T22:59:01Z,TypeScript,1445,30,1859,17223,90.26
kdn251/interviews,2017-02-14T18:19:25Z,2025-08-20T21:44:22Z,Java,41,0,0,0,0.0
awesomedata/awesome-public-datasets,2014-11-20T06:20:50Z,2025-08-20T22:00:49Z,,0,1,0,0,0.0
zed-industries/zed,2021-02-20T03:01:06Z,2025-08-20T23:11:47Z,Rust,0,30,0,0,0.0
jesseduffield/lazygit,2018-05-19T00:53:06Z,2025-08-20T22:38:21Z,Go,0,30,0,0,0.0
kelseyhightower/nocode,2018-02-06T23:54:00Z,2025-08-20T15:21:11Z,Dockerfile,0,1,0,0,0.0
twitter/the-algorithm,2023-03-27T14:57:57Z,2025-08-20T18:22:52Z,Scala,0,0,0,0,0.0
keras-team/keras,2015-03-28T00:35:42Z,2025-08-20T22:39:21Z,Python,0,30,0,0,0.0
juliangarnier/anime,2016-03-13T21:37:45Z,2025-08-20T22:40:08Z,JavaScript,0,22,0,0,0.0
scikit-learn/scikit-learn,2010-08-17T09:43:38Z,2025-08-20T23:01:57Z,Python,0,30,0,0,0.0
bradtraversy/design-resources-for-developers,2020-05-06T14:40:35Z,2025-08-20T19:49:44Z,,943,0,0,104,100.0
infiniflow/ragflow,2023-12-12T06:13:13Z,2025-08-20T22:49:41Z,TypeScript,3724,30,2663,2289,46.22
TheAlgorithms/Java,2016-07-16T10:21:02Z,2025-08-20T22:18:04Z,Java,2005,0,8,1100,99.28
labmlai/annotated_deep_learning_paper_implementations,2020-08-25T02:29:34Z,2025-08-20T22:19:21Z,Python,101,0,24,113,82.48
resume/resume.github.com,2011-02-06T13:39:55Z,2025-08-20T20:24:24Z,JavaScript,84,0,56,66,54.1
chrislgarry/Apollo-11,2014-04-03T15:45:02Z,2025-08-20T18:34:36Z,Assembly,342,0,56,326,85.34
All-Hands-AI/OpenHands,2024-03-13T03:33:31Z,2025-08-20T22:59:25Z,Python,5115,30,334,2941,89.8
socketio/socket.io,2010-03-11T18:24:48Z,2025-08-20T22:03:06Z,TypeScript,432,30,193,3422,94.66
prakhar1989/awesome-courses,2014-11-15T18:36:49Z,2025-08-20T23:05:37Z,,187,0,41,39,48.75
sindresorhus/awesome-nodejs,2014-07-11T13:35:34Z,2025-08-20T23:10:48Z,,415,0,2,102,98.08
FuelLabs/sway,2021-01-19T20:54:33Z,2025-08-20T13:25:31Z,Rust,0,30,0,0,0.0
facebook/docusaurus,2017-06-20T16:13:53Z,2025-08-20T22:16:57Z,TypeScript,0,30,0,0,0.0
reduxjs/redux,2015-05-29T23:53:15Z,2025-08-20T21:59:59Z,TypeScript,0,30,0,0,0.0
dair-ai/Prompt-Engineering-Guide,2022-12-16T16:04:50Z,2025-08-20T23:28:47Z,MDX,0,0,0,0,0.0
lodash/lodash,2012-04-07T04:11:46Z,2025-08-20T18:15:58Z,JavaScript,0,2,0,0,0.0
Shubhamsaboo/awesome-llm-apps,2024-04-29T05:30:25Z,2025-08-20T23:30:28Z,Python,0,0,0,0,0.0
atom/atom,2012-01-20T18:18:21Z,2025-08-20T22:28:22Z,JavaScript,0,30,0,0,0.0
h5bp/Front-end-Developer-Interview-Questions,2012-02-09T23:34:10Z,2025-08-20T15:53:10Z,Nunjucks,0,0,0,0,0.0
xingshaocheng/architect-awesome,2018-04-06T13:30:58Z,2025-08-20T08:51:29Z,,0,0,0,0,0.0
openinterpreter/open-interpreter,2023-07-14T07:10:44Z,2025-08-20T18:30:52Z,Python,369,30,228,797,77.76
localstack/localstack,2016-10-25T23:48:03Z,2025-08-20T21:30:55Z,Python,6224,30,239,5757,96.01
alacritty/alacritty,2016-02-18T05:02:30Z,2025-08-20T23:01:30Z,Rust,1882,30,323,5798,94.72
prometheus/prometheus,2012-11-24T11:14:12Z,2025-08-20T23:30:17Z,Go,7612,30,522,5643,91.53
adam-p/markdown-here,2012-05-13T03:27:22Z,2025-08-20T19:26:34Z,JavaScript,27,17,305,324,51.51
mlabonne/llm-course,2023-06-17T22:16:25Z,2025-08-20T23:19:18Z,,1,0,54,30,35.71
rust-lang/rustlings,2015-09-15T02:25:18Z,2025-08-20T22:49:00Z,Rust,911,30,50,686,93.21
NationalSecurityAgency/ghidra,2019-03-01T03:27:48Z,2025-08-20T21:52:10Z,Java,520,30,1465,4065,73.51
jquery/jquery,2009-04-03T15:20:14Z,2025-08-20T13:17:02Z,JavaScript,811,11,79,2286,96.66
ryanoasis/nerd-fonts,2014-12-05T04:31:17Z,2025-08-20T20:20:04Z,CSS,550,30,28,1062,97.43
shadowsocks/shadowsocks-windows,2013-01-14T07:54:16Z,2025-08-20T20:58:04Z,C#,0,30,0,0,0.0
tldr-pages/tldr,2013-12-08T07:34:43Z,2025-08-20T21:34:58Z,Markdown,0,6,0,0,0.0
angular/angular.js,2010-01-06T00:34:37Z,2025-08-20T15:48:32Z,JavaScript,0,0,0,0,0.0
spring-projects/spring-framework,2010-12-08T04:04:45Z,2025-08-20T21:17:22Z,Java,0,30,0,0,0.0
meta-llama/llama,2023-02-14T09:29:12Z,2025-08-20T19:09:50Z,Python,0,0,0,0,0.0
scrapy/scrapy,2010-02-22T02:01:14Z,2025-08-20T19:49:49Z,Python,0,30,0,0,0.0
FoundationAgents/MetaGPT,2023-06-30T09:04:55Z,2025-08-20T19:24:16Z,Python,0,22,0,0,0.0
nuxt/nuxt,2016-10-26T11:18:47Z,2025-08-20T19:23:14Z,TypeScript,6893,30,780,15882,95.32
youngyangyang04/leetcode-master,2019-12-14T12:05:42Z,2025-08-20T18:50:03Z,Shell,2305,0,206,66,24.26
gorhill/uBlock,2015-04-01T17:51:11Z,2025-08-20T22:30:29Z,JavaScript,229,30,13,3431,99.62
FuelLabs/fuel-core,2020-08-27T21:12:14Z,2025-08-20T08:30:24Z,Rust,1553,30,142,970,87.23
rails/rails,2008-04-11T02:19:47Z,2025-08-20T21:24:14Z,Ruby,25089,30,480,17714,97.36
h5bp/html5-boilerplate,2010-01-24T18:03:24Z,2025-08-20T21:34:41Z,JavaScript,786,30,8,1346,99.41
Solido/awesome-flutter,2017-05-07T11:45:27Z,2025-08-20T22:07:52Z,Dart,441,0,0,0,0.0
nocodb/nocodb,2017-10-29T18:51:48Z,2025-08-20T22:49:50Z,TypeScript,5276,30,628,3605,85.16
hiyouga/LLaMA-Factory,2023-05-28T10:09:12Z,2025-08-20T21:37:06Z,Python,691,30,585,6735,92.01
zylon-ai/private-gpt,2023-05-02T09:15:31Z,2025-08-20T13:04:57Z,Python,224,10,252,961,79.23
scutan90/DeepLearning-500-questions,2018-06-27T06:36:45Z,2025-08-20T16:41:49Z,JavaScript,0,0,0,0,0.0
jgraph/drawio-desktop,2017-05-25T20:58:42Z,2025-08-20T22:46:13Z,JavaScript,0,30,0,0,0.0
soimort/you-get,2012-08-20T15:53:36Z,2025-08-20T21:51:16Z,Python,0,30,0,0,0.0
FiloSottile/mkcert,2018-06-25T05:33:03Z,2025-08-20T22:03:03Z,Go,0,14,0,0,0.0
traefik/traefik,2015-09-13T19:04:02Z,2025-08-20T19:40:18Z,Go,0,30,0,0,0.0
git/git,2008-07-23T14:21:26Z,2025-08-20T22:36:56Z,C,0,0,0,0,0.0
PlexPt/awesome-chatgpt-prompts-zh,2022-12-12T01:55:03Z,2025-08-20T20:41:04Z,,0,0,38,58,60.42
gatsbyjs/gatsby,2015-05-21T22:43:05Z,2025-08-20T22:24:13Z,JavaScript,18141,30,215,13903,98.48
vllm-project/vllm,2023-02-09T11:23:20Z,2025-08-20T23:12:34Z,Python,8669,30,1820,8478,82.33
commaai/openpilot,2016-11-24T01:33:30Z,2025-08-20T22:45:10Z,Python,11759,30,128,2929,95.81
azl397985856/leetcode,2018-03-30T09:13:51Z,2025-08-20T00:23:49Z,JavaScript,257,30,9,248,96.5
topjohnwu/Magisk,2016-09-08T12:42:53Z,2025-08-20T23:03:51Z,Kotlin,1607,30,37,6225,99.41
remix-run/react-router,2014-05-16T22:22:51Z,2025-08-20T20:31:54Z,TypeScript,3182,30,100,8042,98.77
ageitgey/face_recognition,2017-03-03T21:52:39Z,2025-08-20T18:42:02Z,Python,94,2,775,595,43.43
ultralytics/yolov5,2020-05-18T03:45:11Z,2025-08-20T20:30:59Z,Python,2206,10,257,9173,97.27
CorentinJ/Real-Time-Voice-Cloning,2019-05-26T08:56:15Z,2025-08-20T15:06:37Z,Python,20,0,205,896,81.38
AntonOsika/gpt-engineer,2023-04-29T12:52:15Z,2025-08-20T22:59:34Z,Python,350,20,0,0,0.0
minio/minio,2015-01-14T19:23:58Z,2025-08-20T23:18:48Z,Go,0,30,0,0,0.0
BurntSushi/ripgrep,2016-03-11T02:02:33Z,2025-08-20T23:08:54Z,Rust,0,30,0,0,0.0
deepfakes/faceswap,2017-12-19T09:44:13Z,2025-08-20T14:29:16Z,Python,0,4,0,0,0.0
toeverything/AFFiNE,2022-07-31T18:45:21Z,2025-08-20T23:09:28Z,TypeScript,0,30,0,0,0.0
pmndrs/zustand,2019-04-09T09:10:06Z,2025-08-20T22:01:32Z,TypeScript,0,30,0,0,0.0
ElemeFE/element,2016-09-03T06:19:26Z,2025-08-20T15:03:00Z,Vue,0,30,0,0,0.0
lencx/ChatGPT,2022-12-07T09:43:02Z,2025-08-20T18:47:17Z,Rust,0,30,0,0,0.0
sharkdp/bat,2018-04-21T10:52:23Z,2025-08-20T20:32:44Z,Rust,0,30,0,0,0.0
golang-standards/project-layout,2017-09-09T16:33:26Z,2025-08-20T17:55:33Z,Makefile,0,0,68,44,39.29
wasabeef/awesome-android-ui,2014-12-24T01:45:03Z,2025-08-20T23:02:25Z,,89,0,20,94,82.46
Textualize/rich,2019-11-10T15:28:09Z,2025-08-20T19:43:52Z,Python,836,30,207,1223,85.52
necolas/normalize.css,2011-05-04T10:20:25Z,2025-08-20T23:30:15Z,CSS,56,0,56,461,89.17
Z4nzu/hackingtool,2020-04-11T09:21:31Z,2025-08-20T21:56:34Z,Python,56,0,52,321,86.06
psf/requests,2011-02-13T18:38:17Z,2025-08-20T20:37:47Z,Python,1578,14,200,3860,95.07
maybe-finance/maybe,2024-01-01T22:23:46Z,2025-08-20T23:17:38Z,Ruby,1073,28,0,0,0.0
pi-hole/pi-hole,2014-06-08T15:02:55Z,2025-08-20T20:43:36Z,Shell,2099,30,37,3043,98.8
withastro/astro,2021-03-15T17:19:47Z,2025-08-20T22:58:29Z,TypeScript,7320,30,148,5414,97.34
meilisearch/meilisearch,2018-04-23T11:45:28Z,2025-08-20T22:59:51Z,Rust,2147,30,209,2096,90.93
PaddlePaddle/PaddleOCR,2020-05-08T10:38:16Z,2025-08-20T21:53:46Z,Python,2948,23,0,0,0.0
FFmpeg/FFmpeg,2011-04-14T14:12:38Z,2025-08-20T22:17:45Z,C,0,0,0,0,0.0
appwrite/appwrite,2019-04-08T16:36:25Z,2025-08-20T22:50:37Z,TypeScript,0,30,0,0,0.0
rclone/rclone,2014-03-16T16:19:57Z,2025-08-20T22:56:01Z,Go,0,30,0,0,0.0
rust-unofficial/awesome-rust,2014-07-17T10:45:10Z,2025-08-20T21:53:02Z,Rust,0,0,0,0,0.0
tiimgreen/github-cheat-sheet,2014-04-12T16:38:42Z,2025-08-20T23:02:16Z,,0,0,0,0,0.0
ionic-team/ionic-framework,2013-08-20T23:06:02Z,2025-08-20T20:19:20Z,TypeScript,0,30,0,0,0.0
google/material-design-icons,2014-10-08T18:01:28Z,2025-08-20T18:45:01Z,,0,16,0,0,0.0
wagoodman/dive,2018-05-13T15:44:01Z,2025-08-20T23:00:03Z,Go,0,28,0,0,0.0
mozilla/pdf.js,2011-04-26T06:32:03Z,2025-08-20T21:38:06Z,JavaScript,0,30,0,0,0.0
facebookresearch/segment-anything,2023-03-23T17:03:03Z,2025-08-20T21:02:38Z,Jupyter Notebook,0,0,0,0,0.0
vuejs/core,2018-06-12T13:49:36Z,2025-08-20T20:50:17Z,TypeScript,3222,30,671,5099,88.37
unclecode/crawl4ai,2024-05-09T09:48:50Z,2025-08-20T23:09:59Z,Python,88,8,146,646,81.57
sickcodes/Docker-OSX,2020-06-04T11:01:37Z,2025-08-20T21:58:50Z,Shell,107,0,386,281,42.13
Semantic-Org/Semantic-UI,2013-04-08T23:32:04Z,2025-08-20T23:14:58Z,JavaScript,353,30,967,5268,84.49
JetBrains/kotlin,2012-02-13T17:29:58Z,2025-08-20T20:46:16Z,Kotlin,2062,30,0,0,0.0
ngosang/trackerslist,2016-04-24T11:57:57Z,2025-08-20T22:07:58Z,,1,0,6,479,98.76
google/guava,2014-05-29T16:23:17Z,2025-08-20T14:49:54Z,Java,1013,30,628,2992,82.65
marktext/marktext,2017-11-12T16:05:25Z,2025-08-20T22:15:43Z,JavaScript,936,30,1276,1637,56.2
laurent22/joplin,2017-01-16T21:49:41Z,2025-08-20T22:50:38Z,TypeScript,4393,30,540,6699,92.54
prettier/prettier,2016-11-29T17:13:37Z,2025-08-20T15:13:48Z,JavaScript,8871,30,1220,5736,82.46
OpenBB-finance/OpenBB,2020-12-20T10:46:38Z,2025-08-20T23:22:49Z,Python,0,30,0,0,0.0
starship/starship,2019-04-02T03:23:12Z,2025-08-20T23:08:52Z,Rust,0,30,0,0,0.0
romkatv/powerlevel10k,2019-02-24T19:09:45Z,2025-08-20T23:19:11Z,Shell,0,30,0,0,0.0
jekyll/jekyll,2008-10-20T06:29:03Z,2025-08-20T21:52:25Z,Ruby,0,30,0,0,0.0
xai-org/grok-1,2024-03-17T08:53:38Z,2025-08-20T14:01:58Z,Python,0,0,0,0,0.0
TryGhost/Ghost,2013-05-04T11:09:13Z,2025-08-20T23:17:37Z,JavaScript,0,30,0,0,0.0
go-gitea/gitea,2016-11-01T02:13:26Z,2025-08-20T22:11:14Z,Go,0,30,0,0,0.0
DefinitelyTyped/DefinitelyTyped,2012-10-05T16:39:45Z,2025-08-20T20:13:18Z,TypeScript,0,1,0,0,0.0
RVC-Boss/GPT-SoVITS,2024-01-14T18:05:21Z,2025-08-20T14:39:43Z,Python,0,4,714,1177,62.24
WerWolv/ImHex,2020-11-10T14:27:00Z,2025-08-20T23:00:14Z,C++,670,30,236,1180,83.33
etcd-io/etcd,2013-07-06T21:57:21Z,2025-08-20T23:00:05Z,Go,9781,30,181,6819,97.41
pocketbase/pocketbase,2022-07-05T06:06:21Z,2025-08-20T23:18:04Z,Go,53,30,18,1819,99.02
firstcontributions/first-contributions,2016-09-20T14:35:09Z,2025-08-20T22:18:18Z,,85099,0,24,909,97.43
chinese-poetry/chinese-poetry,2016-09-02T03:32:25Z,2025-08-20T22:36:15Z,JavaScript,135,1,119,92,43.6
jgthms/bulma,2016-01-23T23:48:34Z,2025-08-20T18:18:47Z,CSS,637,22,330,2394,87.89
firecrawl/firecrawl,2024-04-15T21:02:29Z,2025-08-20T23:19:29Z,TypeScript,807,23,153,524,77.4
vsouza/awesome-ios,2014-07-10T16:03:45Z,2025-08-20T21:53:17Z,Swift,2211,0,2,486,99.59
ethereum/go-ethereum,2013-12-26T13:05:46Z,2025-08-20T22:22:51Z,Go,8243,30,202,8279,97.62
cline/cline,2024-07-06T07:28:10Z,2025-08-20T23:24:20Z,TypeScript,1645,30,0,0,0.0
poteto/hiring-without-whiteboards,2017-03-15T05:09:01Z,2025-08-20T21:32:29Z,JavaScript,0,0,0,0,0.0
FoundationAgents/OpenManus,2025-03-06T14:08:14Z,2025-08-20T22:50:43Z,Python,0,3,0,0,0.0
microsoft/autogen,2023-08-18T11:43:45Z,2025-08-20T22:53:28Z,Python,0,30,0,0,0.0
agalwood/Motrix,2018-12-18T11:45:05Z,2025-08-20T21:56:34Z,JavaScript,0,21,0,0,0.0
mastodon/mastodon,2016-02-22T15:01:25Z,2025-08-20T19:08:47Z,Ruby,0,30,0,0,0.0
cypress-io/cypress,2015-03-04T00:46:28Z,2025-08-20T19:39:10Z,TypeScript,0,30,0,0,0.0
justjavac/awesome-wechat-weapp,2016-09-22T20:04:48Z,2025-08-20T16:13:18Z,,0,0,0,0,0.0
Asabeneh/30-Days-Of-Python,2019-11-19T17:24:16Z,2025-08-20T20:36:14Z,Python,0,0,0,0,0.0
NARKOZ/hacker-scripts,2015-11-21T19:05:09Z,2025-08-20T14:51:01Z,JavaScript,62,0,35,53,60.23
AlistGo/alist,2020-12-23T17:40:29Z,2025-08-20T23:21:19Z,Go,849,30,549,3795,87.36
ReactiveX/RxJava,2013-01-08T20:11:48Z,2025-08-20T22:31:09Z,Java,3325,30,12,3159,99.62
PowerShell/PowerShell,2016-01-13T23:41:35Z,2025-08-20T21:38:19Z,C#,7543,30,1104,11911,91.52
dani-garcia/vaultwarden,2018-02-17T22:40:20Z,2025-08-20T22:21:05Z,Rust,993,30,10,2352,99.58
iamkun/dayjs,2018-04-10T09:26:44Z,2025-08-20T18:21:02Z,JavaScript,691,30,922,849,47.94
Mintplex-Labs/anything-llm,2023-06-04T02:29:14Z,2025-08-20T22:51:38Z,JavaScript,1072,20,257,2490,90.64
moment/moment,2011-03-01T02:46:06Z,2025-08-20T17:00:03Z,JavaScript,712,0,243,3911,94.15
Avik-Jain/100-Days-Of-ML-Code,2018-07-05T09:11:43Z,2025-08-20T21:06:44Z,,6,0,0,0,0.0
charlax/professional-programming,2015-11-07T05:07:52Z,2025-08-20T18:53:40Z,Python,39,0,0,29,100.0
algorithm-visualizer/algorithm-visualizer,2016-05-15T00:27:45Z,2025-08-20T17:15:58Z,JavaScript,0,0,0,0,0.0
JuliaLang/julia,2011-04-21T07:01:50Z,2025-08-20T21:13:36Z,Julia,0,30,0,0,0.0
TapXWorld/ChinaTextbook,2020-01-05T04:11:06Z,2025-08-20T20:01:42Z,Roff,0,0,0,0,0.0
minimaxir/big-list-of-naughty-strings,2015-08-08T20:57:20Z,2025-08-19T20:07:51Z,Python,0,0,0,0,0.0
huginn/huginn,2013-03-10T06:00:31Z,2025-08-20T21:30:15Z,Ruby,0,1,0,0,0.0
nlohmann/json,2013-07-04T08:47:49Z,2025-08-20T20:47:01Z,C++,0,30,0,0,0.0
LadybirdBrowser/ladybird,2024-05-30T09:18:10Z,2025-08-20T23:23:39Z,C++,0,0,0,0,0.0
serverless/serverless,2015-04-21T03:48:40Z,2025-08-20T13:19:20Z,JavaScript,0,30,0,0,0.0
gogs/gogs,2014-02-12T01:57:08Z,2025-08-20T21:49:06Z,Go,0,30,0,0,0.0
karan/Projects,2013-07-04T13:37:27Z,2025-08-20T22:01:06Z,,0,0,0,0,0.0
kamranahmedse/design-patterns-for-humans,2017-02-16T21:24:39Z,2025-08-20T23:21:51Z,,50,0,5,47,90.38
x64dbg/x64dbg,2015-04-11T20:48:23Z,2025-08-20T20:19:12Z,C++,742,4,606,2024,76.96
square/okhttp,2012-07-23T13:42:55Z,2025-08-20T07:49:04Z,Kotlin,3760,0,49,4132,98.83
typescript-cheatsheets/react,2018-06-02T04:08:16Z,2025-08-20T19:22:18Z,JavaScript,367,0,2,220,99.1
pandas-dev/pandas,2010-08-24T01:37:33Z,2025-08-20T21:36:43Z,Python,26882,30,3585,24077,87.04
TanStack/query,2019-09-10T19:23:58Z,2025-08-20T17:16:19Z,TypeScript,2890,30,64,2102,97.05
v2ray/v2ray-core,2015-09-04T11:42:53Z,2025-08-20T21:39:49Z,Go,202,30,8,2583,99.69
type-challenges/type-challenges,2020-07-23T14:33:11Z,2025-08-20T18:25:11Z,TypeScript,588,0,32400,3845,10.61
hashicorp/terraform,2014-03-13T22:25:48Z,2025-08-20T22:13:11Z,Go,12771,30,1737,19672,91.89
dkhamsing/open-source-ios-apps,2015-01-26T23:32:34Z,2025-08-20T21:57:19Z,,1402,30,0,310,100.0
ziishaned/learn-regex,2017-07-22T12:21:03Z,2025-08-20T03:26:18Z,,0,0,0,0,0.0
lllyasviel/Fooocus,2023-08-09T18:43:40Z,2025-08-20T23:17:23Z,Python,0,21,0,0,0.0
slab/quill,2012-07-30T23:23:18Z,2025-08-20T20:22:39Z,TypeScript,0,30,0,0,0.0
lyswhut/lx-music-desktop,2019-08-14T14:31:08Z,2025-08-20T17:06:29Z,TypeScript,0,30,0,0,0.0
bigskysoftware/htmx,2020-04-13T16:17:51Z,2025-08-20T20:27:28Z,JavaScript,0,26,0,0,0.0
jesseduffield/lazydocker,2019-05-18T08:53:50Z,2025-08-20T23:06:48Z,Go,0,30,0,0,0.0
pixijs/pixijs,2013-01-21T22:40:50Z,2025-08-20T23:10:20Z,TypeScript,0,30,0,0,0.0
kelseyhightower/kubernetes-the-hard-way,2016-07-07T14:15:27Z,2025-08-20T21:14:01Z,,0,0,0,0,0.0
jakevdp/PythonDataScienceHandbook,2016-08-10T14:24:36Z,2025-08-20T22:55:03Z,Jupyter Notebook,0,0,0,0,0.0
android/architecture-samples,2016-02-05T13:42:07Z,2025-08-20T19:40:41Z,Kotlin,0,0,0,0,0.0
brillout/awesome-react-components,2016-06-24T15:19:33Z,2025-08-20T20:48:11Z,,0,0,0,44,100.0
skylot/jadx,2013-03-18T17:08:21Z,2025-08-20T21:18:39Z,Java,577,30,389,1529,79.72
odoo/odoo,2014-05-13T15:38:58Z,2025-08-20T22:42:28Z,Python,6177,0,3289,15107,82.12
typst/typst,2019-09-24T21:41:56Z,2025-08-20T22:36:57Z,Rust,1815,22,907,2568,73.9
jestjs/jest,2013-12-10T00:18:04Z,2025-08-20T18:05:19Z,TypeScript,5691,30,254,7861,96.87
Asabeneh/30-Days-Of-JavaScript,2019-12-23T14:07:40Z,2025-08-20T08:42:11Z,JavaScript,98,0,115,59,33.91
ColorlibHQ/AdminLTE,2013-12-25T02:52:40Z,2025-08-20T19:06:48Z,CSS,1543,30,144,2746,95.02
serhii-londar/open-source-mac-os-apps,2017-11-03T02:35:33Z,2025-08-20T21:53:42Z,,520,0,50,161,76.3
dbeaver/dbeaver,2015-10-21T08:26:28Z,2025-08-20T19:23:38Z,Java,6093,30,3041,16312,84.29
discourse/discourse,2013-01-12T00:25:55Z,2025-08-20T23:17:25Z,Ruby,30009,0,0,0,0.0
akullpp/awesome-java,2014-07-09T10:12:43Z,2025-08-20T21:53:52Z,,710,0,0,0,0.0
oobabooga/text-generation-webui,2022-12-21T04:17:37Z,2025-08-20T22:32:04Z,Python,0,30,0,0,0.0
meteor/meteor,2012-01-19T01:58:17Z,2025-08-20T13:07:24Z,JavaScript,0,0,0,0,0.0
dypsilon/frontend-dev-bookmarks,2013-06-22T13:23:55Z,2025-08-20T22:51:57Z,,0,1,0,0,0.0
ultralytics/ultralytics,2022-09-11T16:39:45Z,2025-08-20T20:47:53Z,Python,0,30,0,0,0.0
Homebrew/brew,2016-03-06T05:08:38Z,2025-08-20T22:41:27Z,Ruby,0,30,0,0,0.0
google/zx,2021-05-05T05:50:01Z,2025-08-20T17:59:51Z,JavaScript,0,30,0,0,0.0
coollabsio/coolify,2021-01-25T20:54:01Z,2025-08-20T22:41:44Z,PHP,0,30,0,0,0.0
unslothai/unsloth,2023-11-29T16:50:09Z,2025-08-20T23:24:04Z,Python,0,16,0,0,0.0
termux/termux-app,2015-10-23T09:42:46Z,2025-08-20T21:01:01Z,Java,0,30,0,0,0.0
vercel/hyper,2016-07-01T06:01:21Z,2025-08-20T21:32:01Z,TypeScript,0,30,0,0,0.0
isocpp/CppCoreGuidelines,2015-08-19T20:22:52Z,2025-08-20T21:17:00Z,CSS,800,4,247,964,79.6
2dust/v2rayNG,2019-05-15T02:15:31Z,2025-08-20T20:32:36Z,Kotlin,497,30,6,3409,99.82
parcel-bundler/parcel,2017-08-07T16:36:47Z,2025-08-20T13:44:52Z,JavaScript,2588,30,477,5009,91.31
run-llama/llama_index,2022-11-02T04:24:54Z,2025-08-20T23:00:21Z,Python,7007,30,219,6391,96.69
DovAmir/awesome-design-patterns,2018-06-04T17:47:48Z,2025-08-20T21:54:11Z,,29,0,10,5,33.33
astaxie/build-web-application-with-golang,2012-08-02T11:49:35Z,2025-08-20T15:46:26Z,Go,741,0,121,183,60.2
usememos/memos,2021-12-08T15:30:18Z,2025-08-20T20:08:06Z,Go,1796,30,24,2437,99.02
karpathy/nanoGPT,2022-12-28T00:51:12Z,2025-08-20T23:22:47Z,Python,45,0,228,109,32.34
acmesh-official/acme.sh,2015-12-26T12:56:33Z,2025-08-20T16:04:06Z,Shell,1413,30,1079,2239,67.48
react-hook-form/react-hook-form,2019-03-05T23:47:10Z,2025-08-20T21:43:33Z,TypeScript,2071,30,73,4761,98.49
babel/babel,2014-09-28T13:38:23Z,2025-08-20T14:24:10Z,TypeScript,0,30,0,0,0.0
aymericdamien/TensorFlow-Examples,2015-11-11T14:21:19Z,2025-08-20T16:49:01Z,Jupyter Notebook,0,0,0,0,0.0
square/retrofit,2010-09-06T21:39:43Z,2025-08-20T19:49:53Z,HTML,0,4,0,0,0.0
microsoft/monaco-editor,2016-06-07T16:56:31Z,2025-08-20T20:44:30Z,JavaScript,0,30,0,0,0.0
jeecgboot/JeecgBoot,2018-11-26T10:40:00Z,2025-08-20T15:54:22Z,Java,0,30,0,0,0.0
FuelLabs/fuels-rs,2021-10-31T22:33:54Z,2025-08-20T01:16:44Z,Rust,0,30,0,0,0.0
FuelLabs/fuels-ts,2021-09-03T18:11:03Z,2025-08-20T09:13:06Z,TypeScript,0,30,0,0,0.0
prisma/prisma,2019-06-20T13:33:47Z,2025-08-20T16:57:14Z,TypeScript,0,30,0,0,0.0
grpc/grpc,2014-12-08T18:58:53Z,2025-08-20T22:58:50Z,C++,0,30,0,0,0.0
LeCoupa/awesome-cheatsheets,2017-11-09T02:47:15Z,2025-08-20T23:15:09Z,JavaScript,0,0,0,0,0.0
yangshun/front-end-interview-handbook,2018-01-13T19:40:08Z,2025-08-20T15:49:32Z,MDX,0,0,0,0,0.0
streamich/react-use,2018-10-27T10:16:05Z,2025-08-20T19:21:22Z,TypeScript,0,30,353,244,40.87
Leaflet/Leaflet,2010-09-22T16:57:44Z,2025-08-20T21:54:11Z,JavaScript,3108,30,395,4882,92.51
metabase/metabase,2015-02-02T19:25:47Z,2025-08-20T23:27:25Z,Clojure,34015,30,3582,19463,84.46
RocketChat/Rocket.Chat,2015-05-19T07:36:09Z,2025-08-20T22:04:25Z,TypeScript,14464,30,2577,13773,84.24
pyenv/pyenv,2012-08-31T06:57:52Z,2025-08-20T22:36:06Z,Roff,969,30,53,1805,97.15
GitSquared/edex-ui,2017-01-28T09:35:02Z,2025-08-20T21:18:15Z,JavaScript,398,29,6,553,98.93
FlowiseAI/Flowise,2023-03-31T12:23:09Z,2025-08-20T23:03:27Z,TypeScript,1329,30,615,1629,72.59
sudheerj/reactjs-interview-questions,2018-05-31T17:17:01Z,2025-08-20T23:26:46Z,JavaScript,161,0,3,107,97.27
jellyfin/jellyfin,2018-12-09T06:36:45Z,2025-08-20T23:28:29Z,C#,4816,30,391,6880,94.62
expo/expo,2016-08-15T17:14:25Z,2025-08-20T22:49:43Z,TypeScript,17902,0,432,16529,97.45
ggml-org/whisper.cpp,2022-09-25T18:26:37Z,2025-08-20T22:45:58Z,C++,862,27,0,0,0.0
coreybutler/nvm-windows,2014-09-20T16:37:28Z,2025-08-20T23:13:10Z,Go,0,23,0,0,0.0
Unitech/pm2,2013-05-21T03:25:25Z,2025-08-20T22:03:17Z,JavaScript,0,30,0,0,0.0
ClickHouse/ClickHouse,2016-06-02T08:28:18Z,2025-08-20T22:35:40Z,C++,0,30,0,0,0.0
k88hudson/git-flight-rules,2014-07-22T20:35:09Z,2025-08-20T22:04:28Z,,0,0,0,0,0.0
opendatalab/MinerU,2024-02-29T08:52:34Z,2025-08-20T20:24:59Z,Python,0,30,0,0,0.0
alex/what-happens-when,2013-11-07T04:30:06Z,2025-08-20T21:40:58Z,,0,0,0,0,0.0
coqui-ai/TTS,2020-05-20T15:45:28Z,2025-08-20T22:42:47Z,Python,0,30,0,0,0.0
GokuMohandas/Made-With-ML,2018-11-05T03:44:27Z,2025-08-20T23:04:05Z,Jupyter Notebook,0,0,16,58,78.38
Alamofire/Alamofire,2014-07-31T05:56:19Z,2025-08-20T11:07:22Z,Swift,650,30,42,2757,98.5
faif/python-patterns,2012-06-06T21:02:35Z,2025-08-20T19:47:37Z,Python,267,0,10,83,89.25
Light-City/CPlusPlusThings,2019-07-14T08:45:45Z,2025-08-20T08:58:43Z,C++,72,0,10,218,95.61
astral-sh/ruff,2022-08-09T17:17:44Z,2025-08-20T23:09:15Z,Rust,11164,30,1506,5617,78.86
getsentry/sentry,2010-08-30T22:06:41Z,2025-08-20T18:34:04Z,Python,72711,30,2148,13584,86.35
apache/spark,2014-02-25T08:00:08Z,2025-08-20T23:27:33Z,Scala,8,0,0,0,0.0
apache/airflow,2015-04-13T18:04:58Z,2025-08-20T23:02:08Z,Python,29302,30,1287,11145,89.65
iina/iina,2016-12-19T07:18:45Z,2025-08-20T19:10:43Z,Swift,851,30,1759,2427,57.98
Stability-AI/stablediffusion,2022-11-23T23:59:50Z,2025-08-20T21:01:11Z,Python,17,0,248,76,23.46
Kong/kong,2014-11-17T23:56:08Z,2025-08-20T22:33:32Z,Lua,6474,30,0,0,0.0
yarnpkg/yarn,2016-01-19T17:39:16Z,2025-08-20T13:07:27Z,JavaScript,0,30,0,0,0.0
NaiboWang/EasySpider,2020-07-18T02:41:27Z,2025-08-20T23:03:07Z,JavaScript,0,10,0,0,0.0
freqtrade/freqtrade,2017-05-17T23:48:53Z,2025-08-20T22:10:22Z,Python,0,30,0,0,0.0
spf13/cobra,2013-09-03T20:40:26Z,2025-08-20T21:27:34Z,Go,0,24,0,0,0.0
tldraw/tldraw,2021-05-09T11:48:37Z,2025-08-20T23:16:07Z,TypeScript,0,30,0,0,0.0
mingrammer/diagrams,2020-02-02T15:23:24Z,2025-08-20T19:16:08Z,Python,0,30,0,0,0.0
nolimits4web/swiper,2012-03-14T19:11:45Z,2025-08-20T17:43:17Z,JavaScript,0,30,0,0,0.0
apachecn/ailearning,2017-02-25T08:53:02Z,2025-08-20T14:13:51Z,Python,478,2,3,112,97.39
apache/dubbo,2012-06-19T07:56:02Z,2025-08-20T22:59:13Z,Java,5779,30,800,6474,89.0
bailicangdu/vue2-elm,2016-12-23T01:49:20Z,2025-08-19T06:17:59Z,Vue,21,0,118,512,81.27
bevyengine/bevy,2020-01-18T21:13:55Z,2025-08-20T22:57:27Z,Rust,6184,30,2382,4823,66.94
tw93/Pake,2022-10-14T09:32:57Z,2025-08-20T23:22:17Z,Rust,100,30,48,352,88.0
zai-org/ChatGLM-6B,2023-03-13T12:00:18Z,2025-08-20T14:13:26Z,Python,48,0,557,751,57.42
hpcaitech/ColossalAI,2021-10-28T16:19:44Z,2025-08-20T11:10:02Z,Python,3699,30,427,1298,75.25
dcloudio/uni-app,2018-07-12T08:52:39Z,2025-08-20T22:40:26Z,JavaScript,452,0,690,4231,85.98
AykutSarac/jsoncrack.com,2022-01-30T15:25:18Z,2025-08-20T22:32:29Z,TypeScript,85,22,32,234,87.97
nwjs/nw.js,2012-01-04T06:21:10Z,2025-08-20T21:32:12Z,JavaScript,574,0,922,6477,87.54
KRTirtho/spotube,2021-02-14T03:17:58Z,2025-08-20T16:47:03Z,Dart,0,30,0,0,0.0
streamlit/streamlit,2019-08-24T00:14:52Z,2025-08-20T22:53:58Z,Python,0,30,0,0,0.0
docker/awesome-compose,2020-02-13T08:51:42Z,2025-08-20T23:11:23Z,HTML,0,0,0,0,0.0
styled-components/styled-components,2016-08-16T06:41:32Z,2025-08-20T16:15:48Z,TypeScript,0,30,0,0,0.0
psf/black,2018-03-14T19:54:45Z,2025-08-20T21:14:25Z,Python,0,30,0,0,0.0
vuetifyjs/vuetify,2016-09-12T00:39:35Z,2025-08-20T21:59:05Z,TypeScript,0,30,0,0,0.0
hexojs/hexo,2012-09-23T15:17:08Z,2025-08-20T23:17:18Z,TypeScript,943,30,73,3912,98.17
ziglang/zig,2015-08-06T00:51:28Z,2025-08-20T22:52:31Z,Zig,9107,20,3389,9695,74.1
zhongyang219/TrafficMonitor,2017-07-30T02:51:17Z,2025-08-20T21:18:39Z,C++,63,26,1171,712,37.81
fastlane/fastlane,2014-12-02T17:00:38Z,2025-08-20T23:02:11Z,Ruby,6225,30,686,12499,94.8
cli/cli,2019-10-03T15:24:53Z,2025-08-20T22:36:02Z,Go,2602,30,833,4299,83.77
1c7/chinese-independent-developer,2017-09-21T11:08:23Z,2025-08-20T23:30:11Z,,308,0,2,198,99.0
bannedbook/fanqiang,2015-01-14T00:34:25Z,2025-08-20T17:55:08Z,Kotlin,3,3,328,466,58.69
mitmproxy/mitmproxy,2010-02-16T04:10:13Z,2025-08-20T20:00:29Z,Python,2625,30,331,3228,90.7
SimplifyJobs/Summer2026-Internships,2020-05-23T20:53:18Z,2025-08-20T23:27:13Z,,1672,0,22,3587,99.39
dylanaraps/pure-bash-bible,2018-06-13T01:39:33Z,2025-08-20T22:53:49Z,Shell,28,0,44,33,42.86
tabler/tabler,2018-02-01T09:08:59Z,2025-08-20T20:16:56Z,HTML,0,30,0,0,0.0
chubin/cheat.sh,2017-05-07T21:40:56Z,2025-08-20T17:02:40Z,Python,0,0,0,0,0.0
LC044/WeChatMsg,2023-01-11T05:03:49Z,2025-08-20T18:17:20Z,,0,0,0,0,0.0
deepspeedai/DeepSpeed,2020-01-23T18:35:18Z,2025-08-20T22:16:45Z,Python,0,30,0,0,0.0
GitHubDaily/GitHubDaily,2018-12-30T13:56:58Z,2025-08-20T23:03:31Z,,0,0,0,0,0.0
microsoft/AI-For-Beginners,2021-03-03T16:27:36Z,2025-08-20T21:41:52Z,Jupyter Notebook,0,0,0,0,0.0
penpot/penpot,2015-12-29T22:09:07Z,2025-08-20T20:20:52Z,Clojure,0,30,0,0,0.0
colinhacks/zod,2020-03-07T20:59:08Z,2025-08-20T23:11:55Z,TypeScript,0,30,0,0,0.0
bradtraversy/50projects50days,2020-11-16T14:39:01Z,2025-08-20T18:03:19Z,CSS,0,0,0,0,0.0
chakra-ui/chakra-ui,2019-08-17T14:27:54Z,2025-08-20T22:46:39Z,TypeScript,2811,30,1,4146,99.98
gradio-app/gradio,2018-12-19T08:24:04Z,2025-08-20T22:41:39Z,Python,4747,30,431,5494,92.73
helix-editor/helix,2020-06-01T04:26:56Z,2025-08-20T22:29:46Z,Rust,4233,30,840,4536,84.38
lukasz-madon/awesome-remote-job,2015-01-02T00:31:34Z,2025-08-20T23:11:49Z,,587,0,4,75,94.94
slidevjs/slidev,2021-04-24T01:25:23Z,2025-08-20T20:37:06Z,TypeScript,711,30,140,1073,88.46
virattt/ai-hedge-fund,2024-11-29T16:30:01Z,2025-08-20T23:02:00Z,Python,33,0,19,198,91.24
google-research/bert,2018-10-25T22:57:34Z,2025-08-20T13:42:50Z,Python,32,0,790,355,31.0
wg/wrk,2012-03-20T11:12:28Z,2025-08-20T22:38:16Z,C,0,0,144,262,64.53
php/php-src,2011-06-16T01:52:25Z,2025-08-20T20:48:59Z,C,4248,23,826,3494,80.88
QSCTech/zju-icicles,2016-06-28T16:17:32Z,2025-08-20T16:51:10Z,HTML,224,0,0,0,0.0
harry0703/MoneyPrinterTurbo,2024-03-11T02:57:34Z,2025-08-20T23:02:25Z,Python,0,9,0,0,0.0
evanw/esbuild,2016-06-14T16:08:50Z,2025-08-20T16:48:21Z,Go,0,30,0,0,0.0
gedoor/legado,2019-05-22T04:18:58Z,2025-08-20T23:16:47Z,Kotlin,0,30,0,0,0.0
floodsung/Deep-Learning-Papers-Reading-Roadmap,2016-10-14T11:49:48Z,2025-08-20T12:37:31Z,Python,0,0,0,0,0.0
sharkdp/fd,2017-05-09T21:27:10Z,2025-08-20T22:38:37Z,Rust,0,30,0,0,0.0
upscayl/upscayl,2022-07-30T17:19:20Z,2025-08-20T20:17:51Z,TypeScript,0,29,0,0,0.0
byoungd/English-level-up-tips,2017-05-30T07:18:52Z,2025-08-20T19:51:28Z,HTML,0,0,0,0,0.0
ChrisTitusTech/winutil,2022-04-28T02:25:19Z,2025-08-20T22:49:33Z,PowerShell,0,22,0,0,0.0
videojs/video.js,2010-05-14T18:45:10Z,2025-08-20T14:13:57Z,JavaScript,0,30,0,0,0.0
lm-sys/FastChat,2023-03-19T00:18:02Z,2025-08-20T20:37:52Z,Python,0,14,833,1066,56.13
Dogfalo/materialize,2014-09-12T19:35:38Z,2025-08-20T19:41:45Z,JavaScript,445,30,623,4599,88.07
pingcap/tidb,2015-09-06T04:01:52Z,2025-08-20T23:00:34Z,Go,33050,30,4044,17243,81.0
jgm/pandoc,2010-03-20T20:34:23Z,2025-08-20T20:20:06Z,Haskell,1677,30,968,7015,87.87
vim/vim,2015-08-18T21:03:56Z,2025-08-20T22:11:52Z,Vim Script,440,0,1515,7406,83.02
go-gorm/gorm,2013-10-25T08:31:38Z,2025-08-20T21:55:13Z,Go,740,5,452,5548,92.47
tmux/tmux,2015-06-03T23:32:55Z,2025-08-20T21:20:45Z,C,1,30,56,3659,98.49
curl/curl,2010-03-18T22:32:22Z,2025-08-20T22:23:37Z,C,198,30,12,5138,99.77
ray-project/ray,2016-10-25T19:38:30Z,2025-08-20T22:57:06Z,Python,27136,30,2694,18223,87.12
remoteintech/remote-jobs,2015-10-13T03:49:25Z,2025-08-20T22:05:53Z,JavaScript,1276,0,22,168,88.42
zhayujie/chatgpt-on-wechat,2022-08-07T08:33:41Z,2025-08-20T13:51:58Z,Python,261,30,0,0,0.0
mem0ai/mem0,2023-06-20T08:58:36Z,2025-08-20T22:36:30Z,Python,0,30,0,0,0.0
aria2/aria2,2010-11-27T09:41:48Z,2025-08-20T22:41:13Z,C++,0,24,0,0,0.0
google/styleguide,2015-05-20T19:18:59Z,2025-08-20T14:36:07Z,HTML,0,0,0,0,0.0
suno-ai/bark,2023-04-07T19:34:48Z,2025-08-20T19:17:04Z,Jupyter Notebook,0,0,0,0,0.0
DIYgod/RSSHub,2018-04-02T14:43:21Z,2025-08-20T21:38:01Z,TypeScript,0,0,0,0,0.0
saadeghi/daisyui,2020-11-28T22:57:27Z,2025-08-20T20:31:13Z,Svelte,0,30,0,0,0.0
QuivrHQ/quivr,2023-05-12T23:53:30Z,2025-08-20T20:21:36Z,Python,0,30,0,1533,100.0
phaserjs/phaser,2013-04-12T12:27:51Z,2025-08-20T23:16:14Z,JavaScript,1699,30,80,4472,98.24
trpc/trpc,2020-07-18T01:17:11Z,2025-08-20T22:31:04Z,TypeScript,3711,30,144,1139,88.78
files-community/Files,2019-01-04T18:19:14Z,2025-08-20T22:19:25Z,C#,5332,30,496,10103,95.32
makeplane/plane,2022-11-19T12:55:01Z,2025-08-20T23:28:21Z,TypeScript,5588,30,446,869,66.08
photoprism/photoprism,2018-01-27T12:00:15Z,2025-08-20T18:21:16Z,Go,811,30,424,1957,82.19
logseq/logseq,2020-05-23T00:06:06Z,2025-08-20T21:20:21Z,Clojure,3064,30,1227,6691,84.5
PhilJay/MPAndroidChart,2014-04-25T14:29:47Z,2025-08-20T16:35:05Z,Java,191,30,2063,2899,58.42
freefq/free,2020-06-07T02:48:33Z,2025-08-20T23:06:20Z,,0,0,535,216,28.76
impress/impress.js,2011-12-28T22:23:19Z,2025-08-20T23:26:41Z,JavaScript,119,15,52,431,89.23
google/leveldb,2014-08-27T21:17:52Z,2025-08-20T19:40:36Z,C++,63,21,240,0,0.0
koalaman/shellcheck,2012-11-17T03:15:11Z,2025-08-20T19:04:10Z,Haskell,0,30,0,0,0.0
preactjs/preact,2015-09-11T02:40:18Z,2025-08-20T19:17:04Z,JavaScript,0,30,0,0,0.0
appsmithorg/appsmith,2020-06-30T04:07:36Z,2025-08-20T21:03:54Z,TypeScript,0,30,0,0,0.0
ccxt/ccxt,2017-05-14T15:41:56Z,2025-08-20T21:08:55Z,Python,0,30,0,0,0.0
novuhq/novu,2021-08-26T15:22:44Z,2025-08-20T19:13:52Z,TypeScript,0,30,0,0,0.0
calcom/cal.com,2021-03-22T13:47:42Z,2025-08-20T22:55:33Z,TypeScript,0,30,0,0,0.0
goabstract/Awesome-Design-Tools,2019-02-12T13:55:30Z,2025-08-20T20:56:30Z,JavaScript,0,0,0,0,0.0
gto76/python-cheatsheet,2018-01-25T04:16:53Z,2025-08-20T17:02:51Z,Python,14,0,5,60,92.31
2noise/ChatTTS,2024-05-27T18:26:49Z,2025-08-20T17:56:40Z,Python,214,6,69,587,89.48
karanpratapsingh/system-design,2022-08-15T18:59:54Z,2025-08-20T19:23:02Z,,11,0,1,21,95.45
FreeCodeCampChina/freecodecamp.cn,2016-09-30T03:13:43Z,2025-08-20T07:57:34Z,CSS,55,0,141,445,75.94
LAION-AI/Open-Assistant,2022-12-13T05:24:17Z,2025-08-20T09:29:48Z,Python,1614,30,228,1417,86.14
ant-design/ant-design-pro,2017-08-25T10:40:44Z,2025-08-20T12:25:20Z,TypeScript,1002,26,153,9601,98.43
gofiber/fiber,2020-01-16T03:59:20Z,2025-08-20T22:55:20Z,Go,1797,30,89,1481,94.33
cloudcommunity/Free-Certifications,2020-07-31T10:26:19Z,2025-08-20T23:12:57Z,,114,0,37,69,65.09
menloresearch/jan,2023-08-17T02:17:10Z,2025-08-20T21:50:47Z,TypeScript,2656,30,133,2712,95.33
eugenp/tutorials,2013-04-29T18:26:36Z,2025-08-20T14:21:31Z,Java,13195,0,17,772,97.85
lapce/lapce,2018-02-06T08:41:06Z,2025-08-20T21:46:47Z,Rust,0,30,0,0,0.0
istio/istio,2016-11-18T23:57:21Z,2025-08-20T15:59:26Z,Go,0,30,0,0,0.0
DataExpert-io/data-engineer-handbook,2023-11-19T19:47:41Z,2025-08-20T23:25:13Z,Jupyter Notebook,0,0,0,0,0.0
naptha/tesseract.js,2015-06-24T02:49:52Z,2025-08-20T12:18:18Z,JavaScript,0,30,0,0,0.0
payloadcms/payload,2021-01-05T18:49:45Z,2025-08-20T23:24:46Z,TypeScript,0,30,0,0,0.0
fastapi/full-stack-fastapi-template,2019-02-23T15:08:34Z,2025-08-20T22:38:10Z,TypeScript,0,10,0,0,0.0
dotnet/aspnetcore,2014-03-11T06:09:42Z,2025-08-20T23:23:20Z,C#,0,30,0,0,0.0
TencentARC/GFPGAN,2021-03-19T06:18:20Z,2025-08-20T14:53:56Z,Python,0,8,0,0,0.0
dockur/windows,2024-01-14T13:09:40Z,2025-08-20T20:42:05Z,Shell,0,30,0,0,0.0
0voice/interview_internal_reference,2019-06-10T06:54:19Z,2025-08-20T15:49:30Z,Python,0,0,0,0,0.0
Kong/insomnia,2016-04-23T03:54:26Z,2025-08-20T19:00:01Z,TypeScript,0,30,680,3195,82.45
inkonchain/docs,2024-05-07T16:49:36Z,2025-08-20T20:46:54Z,MDX,393,0,21,13,38.24
denysdovhan/wtfjs,2017-07-14T15:42:12Z,2025-08-20T22:42:58Z,JavaScript,125,25,22,95,81.2
inkonchain/node,2024-05-13T23:20:40Z,2025-08-20T20:46:56Z,Shell,35,6,10,13,56.52
freeCodeCamp/devdocs,2013-10-24T18:16:07Z,2025-08-20T22:52:02Z,Ruby,926,0,191,1039,84.47
NervJS/taro,2018-04-08T09:32:26Z,2025-08-20T14:38:26Z,TypeScript,3392,30,1527,11014,87.82
Aider-AI/aider,2023-05-09T18:57:49Z,2025-08-20T21:52:04Z,Python,263,30,996,2693,73.0
inkonchain/ink-kit,2024-11-04T16:32:17Z,2025-08-20T20:47:01Z,TypeScript,90,0,1,3,75.0
siyuan-note/siyuan,2020-08-30T09:21:35Z,2025-08-20T20:53:48Z,TypeScript,481,30,437,14462,97.07
facebookresearch/faiss,2017-02-07T16:07:05Z,2025-08-20T22:35:50Z,C++,137,20,232,2441,91.32
milvus-io/milvus,2019-09-16T06:43:43Z,2025-08-20T23:09:27Z,Go,22768,30,0,0,0.0
exacity/deeplearningbook-chinese,2016-12-07T11:46:51Z,2025-08-20T14:43:27Z,TeX,0,7,0,0,0.0
vlang/v,2019-02-08T02:57:06Z,2025-08-20T19:49:51Z,V,0,30,0,0,0.0
huihut/interview,2018-02-09T09:49:48Z,2025-08-20T17:11:17Z,C++,0,0,0,0,0.0
alibaba/arthas,2018-08-29T17:15:57Z,2025-08-20T19:24:19Z,Java,0,30,0,0,0.0
google/googletest,2015-07-28T15:07:53Z,2025-08-20T23:13:35Z,C++,0,11,0,0,0.0
halo-dev/halo,2018-03-21T12:56:52Z,2025-08-20T19:07:35Z,Java,0,30,299,4019,93.08
AobingJava/JavaFamily,2019-11-12T04:26:18Z,2025-08-20T09:28:27Z,,2,0,5,60,92.31
satwikkansal/wtfpython,2017-08-28T20:22:19Z,2025-08-20T07:07:30Z,Python,113,2,65,157,70.72
babysor/MockingBird,2021-08-07T03:53:39Z,2025-08-20T03:46:00Z,Python,80,1,476,412,46.4
openai/gym,2016-04-27T14:59:16Z,2025-08-20T09:20:10Z,Python,996,19,112,1726,93.91
docling-project/docling,2024-07-09T07:50:26Z,2025-08-20T22:54:51Z,Python,513,30,480,620,56.36
httpie/cli,2012-02-25T12:39:13Z,2025-08-20T20:44:12Z,Python,404,30,180,722,80.04
ToolJet/ToolJet,2021-03-30T08:51:34Z,2025-08-20T22:49:20Z,JavaScript,6649,30,640,4362,87.21
usebruno/bruno,2022-09-27T20:51:45Z,2025-08-20T23:22:12Z,JavaScript,1262,30,1200,1846,60.6
chatboxai/chatbox,2023-03-06T12:22:15Z,2025-08-20T21:31:56Z,TypeScript,71,30,821,1450,63.85
zbezj/HEU_KMS_Activator,2019-06-23T00:49:35Z,2025-08-20T18:49:02Z,,0,30,0,0,0.0
google-research/google-research,2018-10-04T18:42:48Z,2025-08-20T18:00:32Z,Jupyter Notebook,0,0,0,0,0.0
open-guides/og-aws,2016-07-13T17:30:16Z,2025-08-20T07:49:16Z,Shell,0,0,0,0,0.0
rapid7/metasploit-framework,2011-08-30T06:13:20Z,2025-08-20T22:40:16Z,Ruby,0,0,0,0,0.0
hiroi-sora/Umi-OCR,2022-03-28T04:01:46Z,2025-08-20T16:51:14Z,Python,0,30,0,0,0.0
nushell/nushell,2019-05-10T16:59:42Z,2025-08-20T18:46:30Z,Rust,0,30,0,0,0.0
opentofu/manifesto,2023-08-13T16:17:24Z,2025-08-20T19:05:07Z,HTML,0,0,0,0,0.0
date-fns/date-fns,2014-10-06T10:24:22Z,2025-08-20T13:19:15Z,TypeScript,0,30,0,0,0.0
shadowsocks/shadowsocks-android,2012-12-16T13:40:29Z,2025-08-20T16:16:24Z,Kotlin,0,30,0,0,0.0
NanmiCoder/MediaCrawler,2023-06-09T12:14:34Z,2025-08-20T17:45:22Z,Python,0,0,0,0,0.0
lerna/lerna,2015-12-04T09:36:55Z,2025-08-20T13:07:32Z,TypeScript,0,30,0,0,0.0
docker/compose,2013-12-09T11:40:58Z,2025-08-20T15:48:14Z,Go,3540,30,78,8038,99.04
crewAIInc/crewAI,2023-10-27T03:26:59Z,2025-08-20T22:55:19Z,Python,934,30,50,1435,96.63
chatchat-space/Langchain-Chatchat,2023-03-31T12:12:45Z,2025-08-20T14:49:00Z,TypeScript,615,30,107,4077,97.44
XingangPan/DragGAN,2023-05-18T10:08:02Z,2025-08-20T17:37:34Z,Python,18,0,145,46,24.08
SheetJS/sheetjs,2012-12-03T19:25:52Z,2025-08-20T15:03:20Z,,106,0,119,2267,95.01
formulahendry/955.WLB,2019-03-27T23:53:37Z,2025-08-20T06:21:14Z,,18,0,181,82,31.18
geekxh/hello-algorithm,2020-05-29T05:47:09Z,2025-08-20T20:42:36Z,Java,26,0,11,33,75.0
imputnet/cobalt,2022-07-08T18:12:55Z,2025-08-20T23:17:53Z,Svelte,243,0,163,776,82.64
openai/codex,2025-04-13T05:37:54Z,2025-08-20T23:30:39Z,Rust,901,30,277,654,70.25
typeorm/typeorm,2016-02-29T07:41:14Z,2025-08-20T17:15:21Z,TypeScript,2169,30,2340,6058,72.14
carbon-app/carbon,2017-06-16T02:50:28Z,2025-08-20T16:59:01Z,JavaScript,0,30,0,0,0.0
koajs/koa,2013-07-20T18:53:45Z,2025-08-20T13:54:20Z,JavaScript,0,9,0,0,0.0
hankcs/HanLP,2014-10-09T06:36:16Z,2025-08-20T16:42:43Z,Python,0,30,0,0,0.0
alvarotrigo/fullPage.js,2013-09-20T11:58:29Z,2025-08-19T17:03:52Z,JavaScript,0,30,0,0,0.0
airbnb/lottie-android,2016-10-06T22:42:42Z,2025-08-19T14:57:42Z,Java,0,30,0,0,0.0
PKUanonym/REKCARC-TSC-UHT,2019-04-05T03:31:23Z,2025-08-20T18:35:15Z,HTML,0,0,0,0,0.0
kilimchoi/engineering-blogs,2015-06-13T18:25:17Z,2025-08-20T22:33:15Z,Ruby,0,0,0,0,0.0
markedjs/marked,2011-07-24T13:15:51Z,2025-08-20T14:20:21Z,TypeScript,0,30,0,0,0.0
mindsdb/mindsdb,2018-08-02T17:56:45Z,2025-08-20T23:29:26Z,Python,0,30,0,0,0.0
zen-browser/desktop,2024-03-28T00:05:55Z,2025-08-20T23:02:59Z,C++,0,30,0,0,0.0
jondot/awesome-react-native,2015-03-26T19:58:06Z,2025-08-20T21:57:25Z,JavaScript,0,0,38,35,47.95
HeyPuter/puter,2024-03-03T01:44:32Z,2025-08-20T23:20:05Z,JavaScript,590,8,180,514,74.06
nativefier/nativefier,2015-07-05T05:56:42Z,2025-08-20T19:50:33Z,TypeScript,261,30,255,982,79.39
spacedriveapp/spacedrive,2021-09-27T05:09:04Z,2025-08-20T16:31:33Z,TypeScript,1881,26,119,388,76.53
junegunn/vim-plug,2013-09-10T14:58:51Z,2025-08-20T14:57:22Z,Vim Script,176,8,71,966,93.15
sqlmapproject/sqlmap,2012-06-26T09:52:15Z,2025-08-20T23:05:32Z,Python,169,10,47,5295,99.12
huggingface/pytorch-image-models,2019-02-02T05:51:12Z,2025-08-20T22:41:20Z,Python,479,30,51,946,94.88
sahat/hackathon-starter,2013-11-13T17:24:12Z,2025-08-20T14:29:14Z,JavaScript,347,17,10,670,98.53
twentyhq/twenty,2022-12-01T13:04:40Z,2025-08-20T22:32:10Z,TypeScript,7191,29,185,5010,96.44
alebcay/awesome-shell,2014-07-07T01:57:42Z,2025-08-20T21:54:50Z,,300,0,39,23,37.1
unknwon/the-way-to-go_ZH_CN,2013-03-24T17:18:38Z,2025-08-20T08:10:45Z,Go,591,0,0,0,0.0
pola-rs/polars,2020-05-13T19:45:33Z,2025-08-20T22:49:10Z,Rust,0,30,0,0,0.0
bumptech/glide,2013-07-08T22:52:33Z,2025-08-20T22:15:45Z,Java,0,30,0,0,0.0
TeamNewPipe/NewPipe,2015-09-03T23:39:26Z,2025-08-20T23:04:17Z,Java,0,30,0,0,0.0
fengdu78/Coursera-ML-AndrewNg-Notes,2017-11-04T10:04:08Z,2025-08-20T12:54:09Z,HTML,0,0,0,0,0.0
doocs/leetcode,2018-09-16T14:03:03Z,2025-08-20T19:32:28Z,Java,0,21,0,0,0.0
reworkd/AgentGPT,2023-04-07T02:29:19Z,2025-08-20T19:11:19Z,TypeScript,0,12,0,0,0.0
mudler/LocalAI,2023-03-18T22:58:02Z,2025-08-20T22:07:32Z,Go,0,30,0,702,100.0
microsoft/ai-agents-for-beginners,2024-11-28T10:42:52Z,2025-08-20T23:28:38Z,Jupyter Notebook,145,0,11,56,83.58
yeongpin/cursor-free-vip,2025-01-11T08:14:22Z,2025-08-20T22:32:35Z,Python,74,30,550,473,46.24
outline/outline,2016-05-22T21:31:47Z,2025-08-20T23:28:50Z,TypeScript,3336,30,89,3400,97.45
sorrycc/awesome-javascript,2014-07-01T15:59:02Z,2025-08-20T16:51:34Z,,389,0,5,88,94.62
BVLC/caffe,2013-09-12T18:39:48Z,2025-08-20T15:46:39Z,C++,1084,14,899,3901,81.27
charmbracelet/bubbletea,2020-01-10T21:04:03Z,2025-08-20T23:28:47Z,Go,628,30,74,294,79.89
ghostty-org/ghostty,2022-03-29T17:38:26Z,2025-08-20T22:53:45Z,Zig,2591,1,142,1633,92.0
chenfei-wu/TaskMatrix,2023-03-02T09:04:28Z,2025-08-20T08:38:40Z,Python,21,0,221,136,38.1
fastify/fastify,2016-09-28T19:10:14Z,2025-08-20T22:47:25Z,JavaScript,3124,30,77,2014,96.32
nodejs/node-v0.x-archive,2009-05-27T16:29:46Z,2025-08-19T17:17:15Z,,218,0,0,0,0.0
netty/netty,2010-11-09T09:22:21Z,2025-08-20T22:38:56Z,Java,0,0,0,0,0.0
fxsjy/jieba,2012-09-29T07:52:01Z,2025-08-20T16:44:05Z,Python,0,9,0,0,0.0
jaredpalmer/formik,2017-06-14T19:50:59Z,2025-08-20T20:26:07Z,TypeScript,0,30,0,0,0.0
xitu/gold-miner,2015-11-04T03:29:13Z,2025-08-20T08:59:20Z,,0,0,0,0,0.0
karpathy/LLM101n,2024-05-27T00:23:38Z,2025-08-20T16:52:52Z,,0,0,0,0,0.0
huiyadanli/RevokeMsgPatcher,2019-07-21T15:12:52Z,2025-08-20T22:26:05Z,C#,0,21,0,0,0.0
geekan/HowToLiveLonger,2022-04-16T04:15:18Z,2025-08-20T18:49:56Z,,0,0,0,0,0.0
roboflow/supervision,2022-11-28T14:08:44Z,2025-08-20T22:19:28Z,Python,0,30,74,415,84.87
zenorocha/clipboard.js,2015-09-18T23:04:55Z,2025-08-20T08:09:27Z,JavaScript,116,30,11,618,98.25
ManimCommunity/manim,2020-05-19T02:37:13Z,2025-08-20T23:03:11Z,Python,1924,29,373,1307,77.8
myshell-ai/OpenVoice,2023-11-29T12:17:01Z,2025-08-20T22:42:42Z,Python,17,0,249,67,21.2
solidjs/solid,2018-04-24T16:36:27Z,2025-08-20T20:34:29Z,TypeScript,384,30,99,996,90.96
portainer/portainer,2016-05-19T20:15:28Z,2025-08-20T23:16:43Z,TypeScript,4775,30,615,5279,89.57
llvm/llvm-project,2016-12-07T09:39:33Z,2025-08-20T23:30:47Z,LLVM,55509,30,26282,60172,69.6
testerSunshine/12306,2017-05-17T12:23:40Z,2025-08-20T14:38:48Z,Python,31,1,225,466,67.44
atlassian/react-beautiful-dnd,2017-08-09T03:37:15Z,2025-08-20T19:08:29Z,JavaScript,530,30,572,1045,64.63
jaywcjlove/linux-command,2016-11-12T15:44:26Z,2025-08-20T20:58:47Z,Markdown,351,30,74,133,64.25
typicode/husky,2014-06-23T12:14:21Z,2025-08-20T22:13:25Z,JavaScript,262,30,0,0,0.0
laravel/framework,2013-01-10T21:27:28Z,2025-08-20T20:51:57Z,PHP,0,30,0,0,0.0
python-poetry/poetry,2018-02-28T15:23:47Z,2025-08-20T21:57:22Z,Python,0,30,0,0,0.0
xkcoding/spring-boot-demo,2017-11-10T06:27:29Z,2025-08-20T06:40:59Z,Java,0,0,0,0,0.0
geekcomputers/Python,2011-11-30T09:04:08Z,2025-08-20T20:19:14Z,Python,0,0,0,0,0.0
anoma/anoma,2021-02-02T10:00:16Z,2025-08-20T23:14:23Z,Elixir,0,10,0,0,0.0
shadowsocks/shadowsocks,2012-04-20T13:10:49Z,2025-08-20T10:55:49Z,Python,0,2,0,0,0.0
zsh-users/zsh-autosuggestions,2013-10-26T16:09:37Z,2025-08-20T22:38:18Z,Shell,116,0,154,458,74.84
halfrost/LeetCode-Go,2017-07-18T00:06:14Z,2025-08-20T17:23:51Z,Go,178,4,16,64,80.0
Blankj/AndroidUtilCode,2016-07-30T18:18:32Z,2025-08-20T01:33:05Z,Java,87,30,309,1280,80.55
alibaba/easyexcel,2018-02-06T03:14:08Z,2025-08-20T05:58:24Z,Java,190,14,487,3131,86.54
AFNetworking/AFNetworking,2011-05-31T21:28:44Z,2025-08-20T18:39:18Z,Objective-C,705,30,0,0,0.0
zxing/zxing,2011-10-12T14:07:27Z,2025-08-20T16:43:51Z,Java,318,30,10,1314,99.24
TheAlgorithms/JavaScript,2017-07-13T06:12:33Z,2025-08-20T18:24:49Z,JavaScript,791,0,9,200,95.69
deepseek-ai/awesome-deepseek-integration,2024-01-11T02:43:17Z,2025-08-20T23:10:59Z,,230,0,87,39,30.95
mattermost/mattermost,2015-06-15T06:50:02Z,2025-08-20T22:30:09Z,TypeScript,19244,30,666,8380,92.64
aseprite/aseprite,2014-08-19T23:44:50Z,2025-08-20T22:21:34Z,C++,404,30,0,0,0.0
ShareX/ShareX,2013-10-08T23:32:10Z,2025-08-20T22:20:19Z,C#,0,30,0,0,0.0
veggiemonk/awesome-docker,2014-09-21T17:01:48Z,2025-08-20T23:11:57Z,,0,1,0,0,0.0
ryanhanwu/How-To-Ask-Questions-The-Smart-Way,2015-03-28T16:52:40Z,2025-08-20T21:12:50Z,JavaScript,0,0,0,0,0.0
XX-net/XX-Net,2015-01-15T09:35:51Z,2025-08-20T08:00:18Z,Python,0,30,7915,5418,40.64
Pythagora-io/gpt-pilot,2023-08-16T11:56:07Z,2025-08-20T11:47:09Z,Python,393,0,236,314,57.09
ehang-io/nps,2018-11-04T13:22:51Z,2025-08-20T18:34:40Z,Go,73,30,502,697,58.13
exelban/stats,2019-05-29T19:24:56Z,2025-08-20T21:12:13Z,Swift,409,30,27,2153,98.76
jax-ml/jax,2018-10-25T21:25:02Z,2025-08-20T22:07:51Z,Python,15058,30,1586,4878,75.46
carbon-language/carbon-lang,2020-04-27T21:45:16Z,2025-08-20T21:21:15Z,C++,4352,30,152,561,78.68
adobe/brackets,2011-12-07T21:14:40Z,2025-08-19T20:30:11Z,JavaScript,4308,30,2617,7063,72.96
danielmiessler/Fabric,2024-01-03T23:18:31Z,2025-08-20T22:37:47Z,JavaScript,435,30,109,633,85.31
harness/harness,2014-02-07T07:54:44Z,2025-08-20T17:41:44Z,Go,1042,30,73,1933,96.36
gulpjs/gulp,2013-07-04T05:26:06Z,2025-08-20T12:51:01Z,JavaScript,405,24,29,1908,98.5
immutable-js/immutable-js,2014-07-02T06:02:29Z,2025-08-20T14:10:57Z,TypeScript,596,30,0,0,0.0
SeleniumHQ/selenium,2013-01-14T21:40:56Z,2025-08-20T22:19:23Z,Java,0,30,0,0,0.0
bilibili/ijkplayer,2013-06-03T04:12:04Z,2025-08-20T11:20:41Z,C,0,0,0,0,0.0
mifi/lossless-cut,2016-10-30T10:49:56Z,2025-08-20T19:04:49Z,TypeScript,0,30,0,0,0.0
qishibo/AnotherRedisDesktopManager,2019-01-08T06:01:56Z,2025-08-20T15:40:47Z,JavaScript,152,30,139,927,86.96
hashicorp/vault,2015-02-25T00:15:59Z,2025-08-20T23:02:02Z,Go,21298,30,1141,5244,82.13
CMU-Perceptual-Computing-Lab/openpose,2017-04-24T14:06:31Z,2025-08-20T18:43:09Z,C++,173,15,337,1667,83.18
lllyasviel/ControlNet,2023-02-01T02:43:30Z,2025-08-20T16:37:29Z,Python,4,0,431,138,24.25
YunaiV/ruoyi-vue-pro,2021-01-24T03:18:25Z,2025-08-20T17:52:45Z,Java,62,30,5,640,99.22
shadowsocks/ShadowsocksX-NG,2016-06-10T11:49:00Z,2025-08-20T12:09:36Z,Swift,64,30,308,1049,77.3
bayandin/awesome-awesomeness,2014-07-08T05:44:19Z,2025-08-20T21:57:18Z,Ruby,197,0,16,52,76.47
PatrickJS/awesome-cursorrules,2024-09-16T15:38:38Z,2025-08-20T23:17:34Z,MDX,64,0,32,8,20.0
lib-pku/libpku,2018-11-22T13:33:06Z,2025-08-20T23:00:47Z,TeX,22,0,11,32,74.42
TheAlgorithms/C-Plus-Plus,2016-07-16T10:19:45Z,2025-08-20T20:31:16Z,C++,678,0,10,311,96.88
AmruthPillai/Reactive-Resume,2020-03-25T14:08:22Z,2025-08-20T23:25:04Z,TypeScript,0,30,0,0,0.0
facebookresearch/detectron2,2019-09-05T21:30:20Z,2025-08-20T21:34:26Z,Python,0,10,0,0,0.0
swc-project/swc,2017-12-22T11:40:14Z,2025-08-20T17:43:11Z,Rust,0,30,0,0,0.0
qbittorrent/qBittorrent,2012-02-04T09:37:46Z,2025-08-20T22:23:50Z,C++,0,0,0,0,0.0
alan2207/bulletproof-react,2021-05-30T14:47:16Z,2025-08-20T21:15:53Z,TypeScript,0,0,0,0,0.0
jqlang/jq,2012-07-18T19:57:25Z,2025-08-20T20:45:59Z,C,0,15,0,0,0.0
DataTalksClub/data-engineering-zoomcamp,2021-10-21T09:32:50Z,2025-08-20T23:25:01Z,Jupyter Notebook,0,0,2,134,98.53
pnpm/pnpm,2016-01-28T07:40:43Z,2025-08-20T22:35:39Z,TypeScript,2672,30,1874,3015,61.67
certbot/certbot,2014-11-12T02:52:20Z,2025-08-20T20:48:14Z,Python,3993,30,126,5338,97.69
pbatard/rufus,2011-11-19T19:12:05Z,2025-08-20T21:18:38Z,C,1,30,8,2503,99.68
ibraheemdev/modern-unix,2021-01-12T00:50:14Z,2025-08-20T15:40:44Z,,15,0,53,30,36.14
drawdb-io/drawdb,2023-07-16T17:09:20Z,2025-08-20T19:37:51Z,JavaScript,232,0,83,157,65.42
refinedev/refine,2021-01-20T12:01:32Z,2025-08-20T23:25:45Z,TypeScript,4423,30,32,1622,98.07
google/material-design-lite,2015-01-14T22:01:33Z,2025-08-20T19:40:38Z,HTML,654,14,382,1813,82.6
pcottle/learnGitBranching,2012-08-13T22:36:09Z,2025-08-20T22:44:33Z,JavaScript,604,0,49,467,90.5
gchq/CyberChef,2016-11-28T10:34:07Z,2025-08-20T20:23:16Z,JavaScript,509,30,430,626,59.28
SerenityOS/serenity,2018-12-02T19:28:41Z,2025-08-20T23:28:55Z,C++,19489,0,0,0,0.0
beego/beego,2012-02-29T02:32:08Z,2025-08-20T20:17:35Z,Go,0,30,0,0,0.0
explosion/spaCy,2014-07-03T15:15:40Z,2025-08-20T16:13:20Z,Python,0,30,0,0,0.0
xinntao/Real-ESRGAN,2021-07-19T03:23:30Z,2025-08-20T21:09:06Z,Python,0,10,0,0,0.0
CorentinTh/it-tools,2020-04-05T11:50:24Z,2025-08-20T20:28:43Z,Vue,0,10,0,0,0.0
lizongying/my-tv,2023-12-04T12:18:39Z,2025-08-20T18:33:36Z,C,0,30,0,0,0.0
duckdb/duckdb,2018-06-26T15:04:45Z,2025-08-20T21:53:41Z,C++,0,30,0,0,0.0
directus/directus,2012-12-12T01:35:36Z,2025-08-20T19:03:20Z,TypeScript,0,30,0,0,0.0
mckaywrigley/chatbot-ui,2023-03-11T14:53:14Z,2025-08-20T22:01:18Z,TypeScript,269,0,176,817,82.28
ueberdosis/tiptap,2018-08-20T19:58:58Z,2025-08-20T15:51:53Z,TypeScript,1248,30,700,2534,78.35
The-Run-Philosophy-Organization/run,2022-04-10T05:42:40Z,2025-08-20T12:48:24Z,,116,0,42,214,83.59
agno-agi/agno,2022-05-04T15:23:02Z,2025-08-20T22:34:09Z,Python,1741,30,125,1138,90.1
TabbyML/tabby,2023-03-16T09:18:01Z,2025-08-20T20:41:47Z,Rust,2969,30,204,733,78.23
alibaba/nacos,2018-06-15T06:49:27Z,2025-08-20T14:58:03Z,Java,3152,30,255,8897,97.21
balena-io/etcher,2015-10-27T16:53:23Z,2025-08-20T22:57:05Z,TypeScript,1731,30,556,1823,76.63
Chanzhaoyu/chatgpt-web,2023-02-09T03:21:37Z,2025-08-20T20:40:19Z,Vue,159,30,0,1747,100.0
yewstack/yew,2017-12-16T14:19:02Z,2025-08-20T19:28:19Z,Rust,1798,30,113,1143,91.0
pathwaycom/pathway,2022-11-27T13:01:14Z,2025-08-20T22:23:07Z,Python,5,30,44,53,54.64
CherryHQ/cherry-studio,2024-05-24T01:56:26Z,2025-08-20T23:28:27Z,TypeScript,0,30,0,0,0.0
vercel/swr,2019-10-28T18:16:01Z,2025-08-20T21:41:01Z,TypeScript,0,30,0,0,0.0
ziadoz/awesome-php,2013-11-26T03:14:19Z,2025-08-20T20:40:34Z,,0,0,0,0,0.0
chatanywhere/GPT_API_free,2023-04-23T12:42:08Z,2025-08-20T23:14:58Z,Python,0,0,0,0,0.0
Trinea/android-open-project,2014-01-05T15:20:15Z,2025-08-20T17:57:11Z,,0,0,0,0,0.0
v2fly/v2ray-core,2019-04-15T10:05:54Z,2025-08-20T17:50:31Z,Go,0,30,0,0,0.0
binarywang/WxJava,2016-01-06T08:24:05Z,2025-08-20T13:20:49Z,Java,1053,30,64,2306,97.3
shardeum/shardeum,2024-04-16T22:37:25Z,2025-08-20T14:35:14Z,TypeScript,325,0,5,33,86.84
facebookresearch/fairseq,2017-08-29T16:26:12Z,2025-08-20T20:19:20Z,Python,234,16,1191,3055,71.95
mpv-player/mpv,2012-10-13T08:08:44Z,2025-08-20T22:41:33Z,C,3428,30,901,9640,91.45
vnpy/vnpy,2015-03-02T03:36:58Z,2025-08-20T23:22:23Z,Python,1051,30,18,2110,99.15
hasura/graphql-engine,2018-06-18T07:57:36Z,2025-08-20T20:07:39Z,TypeScript,2107,30,2234,4144,64.97
zeromicro/go-zero,2020-08-07T15:37:57Z,2025-08-20T22:17:42Z,Go,2320,30,221,1642,88.14
yunjey/pytorch-tutorial,2017-03-10T07:41:47Z,2025-08-20T14:59:26Z,Python,28,0,66,114,63.33
open-mmlab/mmdetection,2018-08-22T07:06:06Z,2025-08-20T15:35:13Z,Python,2357,30,1752,6745,79.38
mouredev/Hello-Python,2022-08-03T17:14:53Z,2025-08-20T22:29:07Z,Python,0,0,18,275,93.86
RVC-Project/Retrieval-based-Voice-Conversion-WebUI,2023-03-27T09:59:10Z,2025-08-20T22:50:13Z,Python,0,7,0,0,0.0
floating-ui/floating-ui,2016-03-29T17:00:47Z,2025-08-20T17:18:10Z,TypeScript,0,30,0,0,0.0
remix-run/remix,2020-10-26T19:57:28Z,2025-08-20T20:34:31Z,TypeScript,0,30,0,0,0.0
qier222/YesPlayMusic,2020-10-09T10:04:21Z,2025-08-20T16:38:07Z,Vue,0,30,0,0,0.0
RSSNext/Folo,2024-04-08T03:23:35Z,2025-08-20T23:30:53Z,TypeScript,0,28,0,0,0.0
niklasvh/html2canvas,2011-07-16T01:05:58Z,2025-08-20T16:39:40Z,TypeScript,186,30,960,1660,63.36
kuchin/awesome-cto,2016-12-16T19:22:18Z,2025-08-20T12:01:49Z,,18,0,0,11,100.0
amix/vimrc,2012-05-29T16:19:29Z,2025-08-20T06:13:41Z,Vim Script,105,0,12,510,97.7
labstack/echo,2015-03-01T17:43:01Z,2025-08-20T17:20:40Z,Go,591,30,73,1392,95.02
ReactiveX/rxjs,2015-03-15T06:17:10Z,2025-08-20T18:51:24Z,TypeScript,2585,2,220,2940,93.04
airbnb/lottie-web,2015-02-20T21:02:59Z,2025-08-20T22:20:03Z,JavaScript,133,0,769,2125,73.43
microsoft/MS-DOS,2018-06-25T18:26:02Z,2025-08-20T17:55:29Z,Assembly,37,0,0,0,0.0
IceWhaleTech/CasaOS,2021-09-26T02:33:09Z,2025-08-20T21:57:38Z,Go,274,30,676,880,56.56
servo/servo,2012-02-08T19:07:25Z,2025-08-20T21:15:43Z,HTML,20452,0,3005,10991,78.53
lutzroeder/netron,2010-12-26T12:53:43Z,2025-08-20T22:22:25Z,JavaScript,1,2,21,1201,98.28
cockroachdb/cockroach,2014-02-06T00:18:47Z,2025-08-20T21:17:48Z,Go,0,0,0,0,0.0
xyflow/xyflow,2019-07-15T14:47:30Z,2025-08-20T19:25:48Z,TypeScript,0,30,0,0,0.0
backstage/backstage,2020-01-24T22:39:49Z,2025-08-20T22:14:18Z,TypeScript,0,30,0,0,0.0
cursor/cursor,2023-03-12T00:19:42Z,2025-08-20T22:21:30Z,,0,0,0,0,0.0
mli/paper-reading,2021-10-22T06:34:51Z,2025-08-20T21:53:57Z,,0,0,0,0,0.0
google-ai-edge/mediapipe,2019-06-13T19:16:41Z,2025-08-20T21:26:44Z,C++,0,30,0,0,0.0
mqyqingfeng/Blog,2017-03-13T10:04:33Z,2025-08-20T10:02:08Z,,0,0,0,0,0.0
ianstormtaylor/slate,2016-06-18T01:52:42Z,2025-08-20T10:26:56Z,TypeScript,1932,30,667,2528,79.12
dokku/dokku,2013-06-08T10:26:57Z,2025-08-20T23:22:48Z,Shell,4135,30,44,2753,98.43
OpenCut-app/OpenCut,2025-06-22T08:02:17Z,2025-08-20T22:00:07Z,TypeScript,179,0,111,70,38.67
lovell/sharp,2013-08-19T20:24:24Z,2025-08-20T16:26:04Z,JavaScript,301,30,116,3864,97.09
0xAX/linux-insides,2015-01-03T18:44:57Z,2025-08-20T18:54:31Z,Python,566,0,36,153,80.95
mathiasbynens/dotfiles,2011-09-05T18:07:54Z,2025-08-20T18:39:30Z,Shell,42,0,138,254,64.8
coolsnowwolf/lede,2017-09-06T07:39:03Z,2025-08-20T20:17:05Z,C,2009,6,763,8383,91.66
MonitorControl/MonitorControl,2017-09-16T21:13:40Z,2025-08-20T21:54:51Z,Swift,216,26,14,968,98.57
blueimp/jQuery-File-Upload,2010-12-01T15:35:32Z,2025-08-20T13:33:06Z,PHP,118,0,49,3257,98.52
ocrmypdf/OCRmyPDF,2013-12-20T08:26:28Z,2025-08-20T19:23:15Z,Python,153,30,132,1137,89.6
schollz/croc,2017-10-17T15:20:18Z,2025-08-20T15:01:13Z,Go,0,30,0,0,0.0
filebrowser/filebrowser,2015-09-11T21:21:58Z,2025-08-20T21:37:02Z,Go,0,30,0,0,0.0
kubernetes/minikube,2016-04-15T22:38:35Z,2025-08-20T18:09:27Z,Go,0,30,0,0,0.0
1Panel-dev/1Panel,2022-07-19T15:44:52Z,2025-08-20T22:49:52Z,Go,0,30,0,0,0.0
vadimdemedes/ink,2017-06-12T06:12:28Z,2025-08-20T22:49:37Z,TypeScript,0,30,0,0,0.0
derailed/k9s,2019-01-25T18:46:02Z,2025-08-20T20:33:54Z,Go,0,30,0,0,0.0
paperless-ngx/paperless-ngx,2022-02-12T21:56:52Z,2025-08-20T23:29:43Z,Python,0,30,0,0,0.0
khoj-ai/khoj,2021-08-16T01:48:44Z,2025-08-20T23:05:21Z,Python,0,30,0,0,0.0
XTLS/Xray-core,2020-11-09T11:23:10Z,2025-08-20T18:08:47Z,Go,993,30,11,2543,99.57
alibaba/p3c,2017-06-23T06:15:51Z,2025-08-20T15:53:11Z,Kotlin,62,0,161,697,81.24
apache/kafka,2011-08-15T18:06:16Z,2025-08-20T22:59:17Z,Java,11804,0,0,0,0.0
codex-team/editor.js,2015-11-28T20:56:35Z,2025-08-20T19:16:27Z,TypeScript,863,30,599,921,60.59
fish-shell/fish-shell,2012-05-10T03:00:55Z,2025-08-20T23:10:57Z,Rust,2143,30,477,7184,93.77
donnemartin/interactive-coding-challenges,2015-04-28T21:36:39Z,2025-08-20T22:53:40Z,Python,175,0,37,32,46.38
anthropics/claude-code,2025-02-22T17:41:21Z,2025-08-20T23:20:27Z,TypeScript,59,0,2767,3283,54.26
SortableJS/Sortable,2013-12-19T10:10:13Z,2025-08-20T23:20:39Z,JavaScript,244,30,473,1344,73.97
awesome-foss/awesome-sysadmin,2014-12-23T08:41:22Z,2025-08-20T21:32:09Z,,327,0,14,88,86.27
juanfont/headscale,2020-06-21T09:21:05Z,2025-08-20T23:18:56Z,Go,1052,30,94,997,91.38
Textualize/textual,2021-04-08T15:24:47Z,2025-08-20T22:45:41Z,Python,0,30,0,0,0.0
ityouknow/spring-boot-examples,2016-11-05T05:32:33Z,2025-08-20T02:58:18Z,Java,0,0,0,0,0.0
google/comprehensive-rust,2022-12-21T15:17:24Z,2025-08-20T22:59:54Z,Rust,0,0,0,0,0.0
k3s-io/k3s,2018-05-31T01:37:46Z,2025-08-20T23:06:55Z,Go,0,30,0,0,0.0
microsoft/calculator,2019-01-28T17:55:49Z,2025-08-20T17:57:24Z,C++,0,0,0,0,0.0
nextcloud/server,2016-06-02T07:44:14Z,2025-08-20T21:57:57Z,PHP,0,30,0,17938,100.0
utmapp/UTM,2019-04-12T16:09:24Z,2025-08-20T20:09:10Z,Swift,266,30,883,2538,74.19
influxdata/influxdb,2013-09-26T14:31:10Z,2025-08-20T19:23:36Z,Rust,10603,30,2055,11951,85.33
symfony/symfony,2010-01-04T14:21:21Z,2025-08-20T20:47:19Z,PHP,24166,30,555,20673,97.39
parallax/jsPDF,2009-12-06T14:56:32Z,2025-08-20T16:07:03Z,JavaScript,716,30,115,2444,95.51
microsoft/Data-Science-For-Beginners,2021-03-03T16:30:15Z,2025-08-20T19:28:12Z,Jupyter Notebook,308,0,26,95,78.51
huggingface/diffusers,2022-05-30T16:04:02Z,2025-08-20T23:16:44Z,Python,4995,30,559,4412,88.75
openai/CLIP,2020-12-16T11:24:42Z,2025-08-20T22:50:34Z,Jupyter Notebook,28,0,242,193,44.37
ascoders/weekly,2017-03-20T06:10:04Z,2025-08-20T21:55:32Z,JavaScript,136,30,3,363,99.18
webtorrent/webtorrent,2013-10-15T08:16:40Z,2025-08-20T20:07:55Z,JavaScript,957,30,65,1598,96.09
TriliumNext/Trilium,2017-05-23T00:30:20Z,2025-08-20T22:36:23Z,TypeScript,613,30,1084,0,0.0
gkd-kit/gkd,2023-07-04T03:59:15Z,2025-08-20T23:09:13Z,Kotlin,0,30,0,0,0.0
fabricjs/fabric.js,2010-06-09T22:24:38Z,2025-08-20T15:15:08Z,TypeScript,0,30,0,0,0.0
facebook/rocksdb,2012-11-30T06:16:18Z,2025-08-20T23:01:45Z,C++,0,30,0,0,0.0
medusajs/medusa,2020-01-18T13:39:04Z,2025-08-20T22:44:35Z,TypeScript,0,30,0,0,0.0
layui/layui,2015-09-22T08:12:03Z,2025-08-20T17:11:13Z,JavaScript,0,30,0,0,0.0
Binaryify/NeteaseCloudMusicApi,2016-06-22T11:58:03Z,2025-08-20T10:43:30Z,,0,0,0,0,0.0
iawia002/lux,2018-02-24T11:29:03Z,2025-08-20T20:24:42Z,Go,0,30,0,0,0.0
tqdm/tqdm,2015-06-03T13:13:14Z,2025-08-20T18:18:05Z,Python,0,30,0,0,0.0
umami-software/umami,2020-07-17T07:59:00Z,2025-08-20T22:32:32Z,TypeScript,0,30,0,0,0.0
docsifyjs/docsify,2016-11-20T07:55:43Z,2025-08-20T21:26:01Z,JavaScript,0,15,0,0,0.0
linexjlin/GPTs,2023-11-11T03:24:16Z,2025-08-20T18:38:15Z,,42,0,7,21,75.0
exo-explore/exo,2024-06-24T18:36:22Z,2025-08-20T22:49:29Z,Python,207,12,360,146,28.85
alpinejs/alpine,2019-11-28T13:51:55Z,2025-08-20T21:31:40Z,HTML,657,30,0,612,100.0
joshbuchea/HEAD,2016-04-20T20:05:37Z,2025-08-20T19:37:09Z,,86,0,20,73,78.49
AMAI-GmbH/AI-Expert-Roadmap,2020-10-24T21:49:40Z,2025-08-20T15:28:36Z,JavaScript,13,0,20,46,69.7
numpy/numpy,2010-09-13T23:02:39Z,2025-08-20T21:32:10Z,Python,13055,30,2101,11393,84.43
s0md3v/roop,2023-05-28T14:37:54Z,2025-08-20T14:55:21Z,Python,80,6,0,0,0.0
sequelize/sequelize,2010-07-22T07:11:11Z,2025-08-20T20:34:39Z,TypeScript,4927,30,891,9511,91.43
tatsu-lab/stanford_alpaca,2023-03-10T23:33:09Z,2025-08-20T13:13:56Z,Python,5,0,170,98,36.57
OWASP/CheatSheetSeries,2018-12-21T14:26:43Z,2025-08-20T21:21:39Z,Python,1075,0,41,487,92.23
DioxusLabs/dioxus,2021-01-15T01:57:26Z,2025-08-20T22:52:52Z,Rust,1768,25,427,1629,79.23
OAI/OpenAPI-Specification,2014-03-03T16:53:36Z,2025-08-20T22:13:37Z,Markdown,1579,12,140,2224,94.08
GyulyVGC/sniffnet,2022-07-31T21:55:56Z,2025-08-20T22:30:09Z,Rust,430,14,41,239,85.36
transloadit/uppy,2015-11-16T12:32:33Z,2025-08-20T18:50:45Z,TypeScript,3098,30,156,2291,93.62
chinabugotech/hutool,2014-04-13T07:23:51Z,2025-08-20T16:21:54Z,Java,447,30,5,2980,99.83
Lightning-AI/pytorch-lightning,2019-03-31T00:45:57Z,2025-08-20T19:14:58Z,Python,9081,30,920,6477,87.56
pathwaycom/llm-app,2023-07-19T08:43:37Z,2025-08-20T20:34:34Z,Jupyter Notebook,0,0,0,0,0.0
tinygrad/tinygrad,2020-10-18T16:23:12Z,2025-08-20T23:26:37Z,Python,0,13,0,0,0.0
VincentGarreau/particles.js,2014-09-06T14:29:47Z,2025-08-20T15:27:06Z,JavaScript,0,6,0,0,0.0
surrealdb/surrealdb,2021-12-09T15:03:29Z,2025-08-20T15:36:09Z,Rust,0,30,0,0,0.0
drizzle-team/drizzle-orm,2021-06-24T09:03:05Z,2025-08-20T18:44:52Z,TypeScript,0,30,0,0,0.0
square/leakcanary,2015-04-29T23:54:16Z,2025-08-20T22:58:41Z,Kotlin,0,30,0,0,0.0
foundation/foundation-sites,2011-10-13T23:05:42Z,2025-08-17T23:06:07Z,HTML,0,30,0,0,0.0
AdguardTeam/AdGuardHome,2016-07-06T10:31:47Z,2025-08-20T21:24:55Z,Go,0,30,0,0,0.0
herrbischoff/awesome-macos-command-line,2015-09-22T19:37:55Z,2025-08-20T21:55:45Z,,104,0,0,0,0.0
DevToys-app/DevToys,2021-09-29T01:40:41Z,2025-08-20T20:57:24Z,C#,492,30,275,658,70.53
restic/restic,2014-04-27T14:07:58Z,2025-08-20T23:11:15Z,Go,2181,30,423,2392,84.97
jobbole/awesome-python-cn,2015-11-03T09:50:50Z,2025-08-20T10:39:47Z,Makefile,51,0,13,18,58.06
vuejs/vue-cli,2015-12-26T23:11:20Z,2025-08-20T12:10:52Z,JavaScript,1255,30,934,4563,83.01
cheeriojs/cheerio,2011-10-09T04:23:20Z,2025-08-20T16:42:57Z,TypeScript,2836,30,21,1199,98.28
facebook/folly,2012-06-01T20:49:04Z,2025-08-20T20:01:46Z,C++,13,30,293,931,76.06
nothings/stb,2014-05-25T16:51:23Z,2025-08-20T20:18:35Z,C,285,0,199,694,77.72
trailofbits/algo,2016-05-15T03:42:48Z,2025-08-20T16:34:39Z,Python,575,2,85,1534,94.75
wailsapp/wails,2018-12-15T23:14:06Z,2025-08-20T19:56:03Z,Go,1501,30,258,1865,87.85
JushBJJ/Mr.-Ranedeer-AI-Tutor,2023-03-31T12:37:26Z,2025-08-20T17:52:26Z,,0,3,0,0,0.0
microsoft/WSL,2016-04-06T17:32:56Z,2025-08-20T21:48:59Z,C++,0,30,0,0,0.0
hyprwm/Hyprland,2022-03-16T19:49:13Z,2025-08-20T23:15:29Z,C++,0,30,0,0,0.0
apolloconfig/apollo,2016-03-04T10:24:23Z,2025-08-20T08:31:23Z,Java,0,30,0,0,0.0
vbenjs/vue-vben-admin,2020-07-11T02:29:21Z,2025-08-20T17:42:57Z,Vue,0,30,0,0,0.0
nicolargo/glances,2011-12-04T08:49:15Z,2025-08-20T22:24:55Z,Python,0,30,0,0,0.0
elsewhencode/project-guidelines,2017-06-30T10:17:55Z,2025-08-20T16:17:29Z,JavaScript,0,0,0,0,0.0
motiondivision/motion,2018-11-16T09:48:38Z,2025-08-20T21:42:22Z,TypeScript,0,0,0,0,0.0
react-boilerplate/react-boilerplate,2015-02-18T14:36:32Z,2025-08-20T18:18:41Z,JavaScript,0,16,0,0,0.0
aosabook/500lines,2013-11-04T02:02:53Z,2025-08-20T16:44:09Z,JavaScript,175,0,29,41,58.57
ariya/phantomjs,2010-12-27T08:18:58Z,2025-08-19T16:38:27Z,C++,492,0,14,4731,99.7
mantinedev/mantine,2021-01-07T14:02:19Z,2025-08-20T20:23:50Z,TypeScript,1489,30,23,3221,99.29
pmndrs/react-three-fiber,2019-02-25T14:31:51Z,2025-08-20T21:48:37Z,TypeScript,650,30,81,1040,92.77
encode/django-rest-framework,2011-03-02T17:13:56Z,2025-08-20T19:22:20Z,Python,3011,21,58,3887,98.53
heyverse/hey,2022-03-19T15:01:46Z,2025-08-20T11:50:29Z,TypeScript,3765,0,0,0,0.0
IanLunn/Hover,2014-01-02T14:27:35Z,2025-08-20T19:44:38Z,SCSS,23,10,24,83,77.57
tokio-rs/tokio,2016-09-09T22:31:36Z,2025-08-20T20:50:08Z,Rust,3558,30,335,2186,86.71
AllThingsSmitty/css-protips,2015-08-29T12:29:03Z,2025-08-20T21:55:56Z,,73,0,1,61,98.39
standard/standard,2015-01-27T01:23:31Z,2025-08-20T18:13:12Z,JavaScript,409,7,110,1121,91.06
alibaba/canal,2013-01-13T10:59:52Z,2025-08-20T16:07:05Z,Java,0,30,0,0,0.0
GoogleChrome/lighthouse,2016-03-08T01:03:11Z,2025-08-20T16:44:24Z,JavaScript,0,30,0,0,0.0
danny-avila/LibreChat,2023-02-12T01:06:52Z,2025-08-20T23:11:23Z,TypeScript,0,30,0,0,0.0
hashicorp/consul,2013-11-04T22:15:27Z,2025-08-20T18:17:16Z,Go,0,30,0,0,0.0
ageron/handson-ml2,2019-01-08T03:49:07Z,2025-08-20T17:34:11Z,Jupyter Notebook,0,0,0,0,0.0
xuxueli/xxl-job,2015-11-28T12:59:34Z,2025-08-20T16:21:06Z,Java,0,30,0,0,0.0
lukehoban/es6features,2014-03-03T18:29:30Z,2025-08-20T09:46:56Z,,0,0,0,0,0.0
realpython/python-guide,2011-03-15T03:24:20Z,2025-08-20T20:37:50Z,Batchfile,0,0,0,0,0.0
iperov/DeepFaceLive,2020-12-15T12:19:22Z,2025-08-20T23:19:37Z,Python,0,30,0,0,0.0
GorvGoyl/Clone-Wars,2020-12-02T11:10:16Z,2025-08-20T21:11:07Z,,0,0,12,70,85.37
keycloak/keycloak,2013-07-02T13:38:51Z,2025-08-20T22:05:35Z,Java,17523,30,1985,13256,86.98
firecracker-microvm/firecracker,2017-10-19T06:18:47Z,2025-08-20T20:38:26Z,Rust,3171,30,48,1405,96.7
spf13/viper,2014-04-02T14:33:33Z,2025-08-20T18:09:40Z,Go,507,30,412,490,54.32
kodecocodes/swift-algorithm-club,2016-01-26T17:56:12Z,2025-08-20T09:28:27Z,Swift,603,0,32,183,85.12
XIU2/TrackersListCollection,2019-10-03T15:55:07Z,2025-08-20T16:27:46Z,,7,0,0,0,0.0
google-research/tuning_playbook,2023-01-18T23:32:32Z,2025-08-20T17:51:23Z,,14,0,11,34,75.56
sampotts/plyr,2015-02-14T11:33:07Z,2025-08-20T20:36:15Z,JavaScript,384,30,882,1221,58.06
composer/composer,2011-06-08T08:53:00Z,2025-08-20T21:44:23Z,PHP,2930,30,119,7754,98.49
CSSEGISandData/COVID-19,2020-02-04T22:03:53Z,2025-08-19T05:21:18Z,,2151,0,1680,2078,55.3
refined-github/refined-github,2016-02-15T16:45:02Z,2025-08-20T22:46:42Z,TypeScript,3422,30,0,0,0.0
ajeetdsouza/zoxide,2020-03-05T13:11:40Z,2025-08-20T22:30:15Z,Rust,0,30,0,0,0.0
wuyouzhuguli/SpringAll,2018-05-02T02:48:44Z,2025-08-20T09:22:42Z,Java,0,0,0,0,0.0
meta-llama/llama3,2024-03-15T17:57:00Z,2025-08-20T15:55:25Z,Python,0,0,0,0,0.0
postcss/postcss,2013-09-24T23:06:48Z,2025-08-20T20:01:28Z,TypeScript,0,30,0,0,0.0
pmndrs/react-spring,2018-03-07T15:39:32Z,2025-08-20T22:58:30Z,TypeScript,0,30,0,0,0.0
Pierian-Data/Complete-Python-3-Bootcamp,2018-02-12T19:30:10Z,2025-08-20T18:04:49Z,Jupyter Notebook,0,0,0,0,0.0
tastejs/todomvc,2011-06-03T19:56:33Z,2025-08-20T17:53:11Z,JavaScript,0,6,0,0,0.0
dragonflydb/dragonfly,2021-12-11T10:00:42Z,2025-08-20T22:52:38Z,C++,0,30,0,0,0.0
StevenBlack/hosts,2012-04-12T20:22:50Z,2025-08-20T20:32:40Z,Python,0,30,0,0,0.0
alibaba/spring-cloud-alibaba,2017-12-01T20:49:15Z,2025-08-20T15:21:07Z,Java,0,30,198,2302,92.08
wesbos/JavaScript30,2016-12-07T19:15:31Z,2025-08-20T20:49:37Z,HTML,148,0,0,0,0.0
cfenollosa/os-tutorial,2014-09-29T08:39:34Z,2025-08-20T14:57:58Z,C,11,0,75,105,58.33
Ebazhanov/linkedin-skill-assessments-quizzes,2019-07-13T19:52:56Z,2025-08-20T20:19:18Z,,5622,1,84,807,90.57
statelyai/xstate,2015-09-14T15:04:15Z,2025-08-20T21:34:01Z,TypeScript,1975,30,108,1288,92.26
kenwheeler/slick,2014-03-24T02:10:05Z,2025-08-19T17:53:53Z,JavaScript,255,30,1199,2421,66.88
kovidgoyal/kitty,2016-10-16T14:48:28Z,2025-08-20T21:23:45Z,Python,1129,30,10,6260,99.84
feder-cr/Jobs_Applier_AI_Agent_AIHawk,2024-08-04T12:15:06Z,2025-08-20T23:06:55Z,Python,185,0,11,663,98.37
ZuzooVn/machine-learning-for-software-engineers,2016-10-09T21:20:25Z,2025-08-19T17:09:25Z,,60,0,17,9,34.62
microsoft/qlib,2020-08-14T06:46:00Z,2025-08-20T22:55:09Z,Python,725,23,256,724,73.88
grafana/k6,2016-03-21T15:30:24Z,2025-08-20T18:32:54Z,Go,2155,30,0,0,0.0
immerjs/immer,2017-12-29T12:25:47Z,2025-08-20T21:09:08Z,JavaScript,0,30,0,0,0.0
PostHog/posthog,2020-01-23T22:46:58Z,2025-08-20T23:14:40Z,Python,0,19,0,0,0.0
AvaloniaUI/Avalonia,2013-12-05T20:13:21Z,2025-08-20T20:54:30Z,C#,0,30,0,0,0.0
donnemartin/data-science-ipython-notebooks,2015-01-23T19:38:29Z,2025-08-20T16:10:24Z,Python,0,0,0,0,0.0
valinet/ExplorerPatcher,2021-08-09T14:17:24Z,2025-08-20T23:02:11Z,C,0,30,0,0,0.0
vercel/turborepo,2021-10-05T17:37:11Z,2025-08-20T22:14:39Z,Rust,0,30,0,0,0.0
shengxinjing/programmer-job-blacklist,2016-06-25T06:09:10Z,2025-08-20T15:15:53Z,Shell,0,0,0,0,0.0
continuedev/continue,2023-05-24T03:39:39Z,2025-08-20T23:08:00Z,TypeScript,0,30,0,0,0.0
sunface/rust-course,2018-08-07T05:01:21Z,2025-08-20T12:53:20Z,Rust,780,0,60,149,71.29
vuejs/vuex,2015-07-16T04:21:26Z,2025-08-20T07:02:58Z,JavaScript,652,30,99,1165,92.17
jumpserver/jumpserver,2014-07-04T03:54:59Z,2025-08-20T20:02:29Z,Python,7531,30,32,7282,99.56
openai/openai-python,2020-10-25T23:23:54Z,2025-08-20T21:12:51Z,Python,994,30,90,989,91.66
containers/podman,2017-11-01T15:01:27Z,2025-08-20T22:08:06Z,Go,11704,30,784,9245,92.18
codepath/android_guides,2013-06-19T10:24:45Z,2025-08-20T18:06:20Z,,9,0,162,219,57.48
helm/helm,2015-10-06T01:07:32Z,2025-08-20T21:38:03Z,Go,4105,30,473,7670,94.19
openssl/openssl,2013-01-15T22:34:48Z,2025-08-20T19:03:31Z,C,145,30,1513,9235,85.92
jamiebuilds/the-super-tiny-compiler,2016-03-11T04:19:18Z,2025-08-20T16:32:31Z,JavaScript,20,0,0,0,0.0
telegramdesktop/tdesktop,2014-05-02T12:36:31Z,2025-08-20T21:17:01Z,C++,1742,30,882,14357,94.21
viraptor/reverse-interview,2019-09-08T13:38:40Z,2025-08-20T14:40:39Z,,0,0,0,0,0.0
MichaelCade/90DaysOfDevOps,2021-12-26T13:55:18Z,2025-08-20T08:17:34Z,Shell,0,2,0,0,0.0
VSCodium/vscodium,2018-08-13T14:26:58Z,2025-08-20T17:15:56Z,Shell,0,30,0,0,0.0
eugeneyan/applied-ml,2020-07-04T18:57:47Z,2025-08-20T21:26:42Z,,0,0,0,0,0.0
caolan/async,2010-06-01T21:01:30Z,2025-08-20T20:34:27Z,JavaScript,0,7,0,0,0.0
LizardByte/Sunshine,2021-12-15T23:38:57Z,2025-08-20T23:04:45Z,C++,0,30,0,0,0.0
GitbookIO/gitbook,2014-03-31T03:01:56Z,2025-08-20T17:14:08Z,TypeScript,0,30,0,0,0.0
linera-io/linera-protocol,2021-12-19T04:09:21Z,2025-08-20T20:48:37Z,Rust,0,18,0,0,0.0
digitalocean/nginxconfig.io,2018-01-05T14:21:14Z,2025-08-20T19:41:55Z,JavaScript,0,0,0,0,0.0
alibaba/druid,2011-11-03T05:12:51Z,2025-08-20T14:49:32Z,Java,0,30,2252,2285,50.36
jashkenas/backbone,2010-09-30T19:41:28Z,2025-08-20T07:05:31Z,JavaScript,876,0,42,2364,98.25
NginxProxyManager/nginx-proxy-manager,2017-12-20T23:01:16Z,2025-08-20T21:36:18Z,JavaScript,526,30,914,2085,69.52
dnSpy/dnSpy,2015-07-01T16:05:10Z,2025-08-20T15:47:44Z,C#,53,1,0,0,0.0
swagger-api/swagger-ui,2011-07-15T22:56:39Z,2025-08-20T22:02:39Z,JavaScript,3306,30,1210,4426,78.53
datalab-to/marker,2023-10-30T20:14:08Z,2025-08-20T23:30:38Z,Python,199,30,265,291,52.34
acheong08/ChatGPT,2022-12-03T14:35:24Z,2025-08-20T15:15:51Z,Python,257,30,11,792,98.63
zhiwehu/Python-programming-exercises,2012-06-14T07:56:46Z,2025-08-20T21:23:13Z,,0,0,68,17,20.0
python-telegram-bot/python-telegram-bot,2015-07-07T15:30:39Z,2025-08-20T22:19:46Z,Python,1636,30,15,2264,99.34
mobxjs/mobx,2015-03-14T14:31:38Z,2025-08-20T14:42:12Z,TypeScript,1143,30,58,1914,97.06
JedWatson/react-select,2014-08-26T04:27:45Z,2025-08-20T20:22:43Z,TypeScript,1051,30,0,0,0.0
nagadomi/waifu2x,2015-05-17T07:29:15Z,2025-08-20T14:07:02Z,Lua,0,3,0,0,0.0
aquasecurity/trivy,2019-04-11T01:01:07Z,2025-08-20T22:01:23Z,Go,0,30,0,0,0.0
ChartsOrg/Charts,2015-03-20T10:49:12Z,2025-08-20T14:30:09Z,Swift,0,30,0,0,0.0
lenve/vhr,2018-01-04T08:57:51Z,2025-08-20T14:47:28Z,Java,0,0,0,0,0.0
google/python-fire,2017-02-21T21:35:07Z,2025-08-20T14:30:15Z,Python,0,12,0,0,0.0
frappe/erpnext,2011-06-08T08:20:56Z,2025-08-20T22:57:04Z,Python,0,30,0,0,0.0
tailwindlabs/headlessui,2020-09-16T09:53:09Z,2025-08-20T19:46:42Z,TypeScript,0,30,0,0,0.0
qianguyihao/Web,2017-01-03T11:44:33Z,2025-08-20T11:00:41Z,,0,0,0,0,0.0
geekcompany/ResumeSample,2014-09-08T08:08:13Z,2025-08-20T12:56:04Z,,0,0,0,0,0.0
t3-oss/create-t3-app,2022-05-24T13:31:01Z,2025-08-20T22:11:26Z,TypeScript,1112,30,63,675,91.46
raysan5/raylib,2013-10-24T15:46:04Z,2025-08-20T22:23:52Z,C,2125,24,21,2009,98.97
michalsnik/aos,2015-07-09T17:49:00Z,2025-08-20T13:18:43Z,JavaScript,38,0,344,360,51.14
nginx/nginx,2015-06-23T10:26:27Z,2025-08-20T21:43:43Z,C,95,8,174,172,49.71
CamDavidsonPilon/Probabilistic-Programming-and-Bayesian-Methods-for-Hackers,2013-01-14T15:46:28Z,2025-08-20T17:55:10Z,Jupyter Notebook,235,0,157,90,36.44
getredash/redash,2013-10-28T13:19:39Z,2025-08-20T23:16:20Z,Python,3233,30,616,1956,76.05
kingToolbox/WindTerm,2019-10-09T19:56:09Z,2025-08-20T23:28:37Z,C,1,30,2179,564,20.56
BerriAI/litellm,2023-07-27T00:09:52Z,2025-08-20T23:28:23Z,Python,5300,30,863,5684,86.82
YMFE/yapi,2016-05-30T09:09:09Z,2025-08-20T14:42:39Z,JavaScript,141,1,1536,922,37.51
sxyazi/yazi,2023-07-08T11:45:55Z,2025-08-20T23:25:25Z,Rust,952,27,0,0,0.0
JaidedAI/EasyOCR,2020-03-14T11:46:39Z,2025-08-20T21:06:48Z,Python,0,23,0,0,0.0
flameshot-org/flameshot,2017-05-10T19:44:51Z,2025-08-20T20:23:00Z,C++,0,30,0,0,0.0
tj/commander.js,2011-08-14T21:33:58Z,2025-08-20T13:38:31Z,JavaScript,0,30,0,0,0.0
imDazui/Tvlist-awesome-m3u-m3u8,2017-02-18T03:59:25Z,2025-08-20T15:24:56Z,,0,0,0,0,0.0
svc-develop-team/so-vits-svc,2023-03-10T09:31:09Z,2025-08-20T15:03:54Z,Python,0,0,0,0,0.0
